{
"meta":{"test_sets":[],"test_metrics":[],"learn_metrics":[{"best_value":"Min","name":"RMSE"}],"launch_mode":"Train","parameters":"","iteration_count":1000,"learn_sets":["learn"],"name":"experiment"},
"iterations":[
{"learn":[14.90925856],"iteration":0,"passed_time":0.0007278040407,"remaining_time":0.7270762366},
{"learn":[14.8115404],"iteration":1,"passed_time":0.00132233464,"remaining_time":0.6598449852},
{"learn":[14.712673],"iteration":2,"passed_time":0.001950955218,"remaining_time":0.6483674508},
{"learn":[14.61222172],"iteration":3,"passed_time":0.002537530993,"remaining_time":0.6318452172},
{"learn":[14.51851771],"iteration":4,"passed_time":0.003131901287,"remaining_time":0.6232483561},
{"learn":[14.43707069],"iteration":5,"passed_time":0.003790854396,"remaining_time":0.6280182116},
{"learn":[14.34349181],"iteration":6,"passed_time":0.004347707891,"remaining_time":0.6167534194},
{"learn":[14.26430339],"iteration":7,"passed_time":0.004914976647,"remaining_time":0.6094571043},
{"learn":[14.17917555],"iteration":8,"passed_time":0.005501977169,"remaining_time":0.6058288194},
{"learn":[14.08251003],"iteration":9,"passed_time":0.006110273947,"remaining_time":0.6049171207},
{"learn":[13.98492119],"iteration":10,"passed_time":0.006730613626,"remaining_time":0.6051433524},
{"learn":[13.90030821],"iteration":11,"passed_time":0.007285829461,"remaining_time":0.5998666257},
{"learn":[13.81181362],"iteration":12,"passed_time":0.00787828642,"remaining_time":0.5981437459},
{"learn":[13.72317542],"iteration":13,"passed_time":0.008471524258,"remaining_time":0.5966373513},
{"learn":[13.63492711],"iteration":14,"passed_time":0.009045886503,"remaining_time":0.5940132137},
{"learn":[13.54090436],"iteration":15,"passed_time":0.009652069261,"remaining_time":0.5936022595},
{"learn":[13.45593927],"iteration":16,"passed_time":0.01025661891,"remaining_time":0.5930739054},
{"learn":[13.37197324],"iteration":17,"passed_time":0.01073869566,"remaining_time":0.5858555078},
{"learn":[13.28429124],"iteration":18,"passed_time":0.0112841833,"remaining_time":0.5826202009},
{"learn":[13.20226308],"iteration":19,"passed_time":0.0118787139,"remaining_time":0.5820569811},
{"learn":[13.12453216],"iteration":20,"passed_time":0.01250682806,"remaining_time":0.5830564129},
{"learn":[13.04868063],"iteration":21,"passed_time":0.01307686208,"remaining_time":0.5813259595},
{"learn":[12.96332785],"iteration":22,"passed_time":0.01363369098,"remaining_time":0.579135482},
{"learn":[12.87902662],"iteration":23,"passed_time":0.01421946007,"remaining_time":0.5782580427},
{"learn":[12.79867716],"iteration":24,"passed_time":0.01485355621,"remaining_time":0.5792886922},
{"learn":[12.72382746],"iteration":25,"passed_time":0.01540962366,"remaining_time":0.5772682096},
{"learn":[12.64518863],"iteration":26,"passed_time":0.01593266832,"remaining_time":0.5741661584},
{"learn":[12.57351371],"iteration":27,"passed_time":0.01650271235,"remaining_time":0.5728798718},
{"learn":[12.49880389],"iteration":28,"passed_time":0.01706004221,"remaining_time":0.5712172754},
{"learn":[12.43079763],"iteration":29,"passed_time":0.01769722361,"remaining_time":0.5722102302},
{"learn":[12.35543478],"iteration":30,"passed_time":0.01824591735,"remaining_time":0.5703320617},
{"learn":[12.27772167],"iteration":31,"passed_time":0.01883915519,"remaining_time":0.5698844444},
{"learn":[12.20152051],"iteration":32,"passed_time":0.01944357459,"remaining_time":0.5697556555},
{"learn":[12.13299412],"iteration":33,"passed_time":0.02003095159,"remaining_time":0.5691146833},
{"learn":[12.05695336],"iteration":34,"passed_time":0.02065976738,"remaining_time":0.5696193008},
{"learn":[11.9874225],"iteration":35,"passed_time":0.02119290123,"remaining_time":0.5674987995},
{"learn":[11.91193964],"iteration":36,"passed_time":0.02173801786,"remaining_time":0.5657759783},
{"learn":[11.84817883],"iteration":37,"passed_time":0.02239376517,"remaining_time":0.5669158447},
{"learn":[11.77645217],"iteration":38,"passed_time":0.02296653439,"remaining_time":0.5659189628},
{"learn":[11.70417571],"iteration":39,"passed_time":0.02345624566,"remaining_time":0.5629498958},
{"learn":[11.6354579],"iteration":40,"passed_time":0.0240202479,"remaining_time":0.5618394569},
{"learn":[11.57158751],"iteration":41,"passed_time":0.02456899143,"remaining_time":0.5604069949},
{"learn":[11.50581973],"iteration":42,"passed_time":0.02516951342,"remaining_time":0.5601680079},
{"learn":[11.43661355],"iteration":43,"passed_time":0.02573399202,"remaining_time":0.559129463},
{"learn":[11.37074125],"iteration":44,"passed_time":0.02632000126,"remaining_time":0.5585689157},
{"learn":[11.30577596],"iteration":45,"passed_time":0.02690902138,"remaining_time":0.5580697043},
{"learn":[11.24339117],"iteration":46,"passed_time":0.02751811543,"remaining_time":0.5579737023},
{"learn":[11.18210388],"iteration":47,"passed_time":0.02804562859,"remaining_time":0.5562383003},
{"learn":[11.12174328],"iteration":48,"passed_time":0.02861319761,"remaining_time":0.5553296108},
{"learn":[11.06338179],"iteration":49,"passed_time":0.02928352235,"remaining_time":0.5563869246},
{"learn":[11.00016531],"iteration":50,"passed_time":0.02988389405,"remaining_time":0.5560748129},
{"learn":[10.93811401],"iteration":51,"passed_time":0.03049957487,"remaining_time":0.5560307112},
{"learn":[10.88146681],"iteration":52,"passed_time":0.031092803,"remaining_time":0.5555638573},
{"learn":[10.82290454],"iteration":53,"passed_time":0.03166648395,"remaining_time":0.5547498854},
{"learn":[10.76730518],"iteration":54,"passed_time":0.03223382283,"remaining_time":0.5538356833},
{"learn":[10.70796248],"iteration":55,"passed_time":0.03283635866,"remaining_time":0.5535271888},
{"learn":[10.64772741],"iteration":56,"passed_time":0.03343235204,"remaining_time":0.5531001399},
{"learn":[10.58859701],"iteration":57,"passed_time":0.03399950057,"remaining_time":0.552198785},
{"learn":[10.53267716],"iteration":58,"passed_time":0.03462054674,"remaining_time":0.5521683811},
{"learn":[10.48323499],"iteration":59,"passed_time":0.03523527059,"remaining_time":0.5520192392},
{"learn":[10.42784604],"iteration":60,"passed_time":0.03585672238,"remaining_time":0.5519583986},
{"learn":[10.37097085],"iteration":61,"passed_time":0.03644703496,"remaining_time":0.5514083676},
{"learn":[10.32055625],"iteration":62,"passed_time":0.03705296724,"remaining_time":0.5510893699},
{"learn":[10.26375646],"iteration":63,"passed_time":0.03764061475,"remaining_time":0.5504939907},
{"learn":[10.20739228],"iteration":64,"passed_time":0.03821952565,"remaining_time":0.5497731766},
{"learn":[10.14943144],"iteration":65,"passed_time":0.03880473853,"remaining_time":0.5491458452},
{"learn":[10.09476093],"iteration":66,"passed_time":0.03937421147,"remaining_time":0.5483005866},
{"learn":[10.04366511],"iteration":67,"passed_time":0.03998681189,"remaining_time":0.5480545394},
{"learn":[9.994614877],"iteration":68,"passed_time":0.04057440445,"remaining_time":0.5474604426},
{"learn":[9.941920438],"iteration":69,"passed_time":0.04109228352,"remaining_time":0.5459403382},
{"learn":[9.888391649],"iteration":70,"passed_time":0.04176641125,"remaining_time":0.5464929021},
{"learn":[9.839629505],"iteration":71,"passed_time":0.04230429412,"remaining_time":0.5452553464},
{"learn":[9.791417038],"iteration":72,"passed_time":0.0428808806,"remaining_time":0.5445284426},
{"learn":[9.740657248],"iteration":73,"passed_time":0.04347834678,"remaining_time":0.5440668799},
{"learn":[9.691259257],"iteration":74,"passed_time":0.04403299153,"remaining_time":0.5430735622},
{"learn":[9.64276582],"iteration":75,"passed_time":0.0445692416,"remaining_time":0.5418681479},
{"learn":[9.598914853],"iteration":76,"passed_time":0.04523093962,"remaining_time":0.5421838607},
{"learn":[9.552855209],"iteration":77,"passed_time":0.04577867123,"remaining_time":0.5411273702},
{"learn":[9.507071353],"iteration":78,"passed_time":0.04630720663,"remaining_time":0.5398599659},
{"learn":[9.468075086],"iteration":79,"passed_time":0.04663171373,"remaining_time":0.5362647079},
{"learn":[9.420873951],"iteration":80,"passed_time":0.04720755849,"remaining_time":0.5356018056},
{"learn":[9.375091367],"iteration":81,"passed_time":0.04777371058,"remaining_time":0.534832516},
{"learn":[9.327836533],"iteration":82,"passed_time":0.04838896514,"remaining_time":0.5346106148},
{"learn":[9.289291737],"iteration":83,"passed_time":0.04898337581,"remaining_time":0.5341520505},
{"learn":[9.244897585],"iteration":84,"passed_time":0.04957756546,"remaining_time":0.5336879105},
{"learn":[9.200107674],"iteration":85,"passed_time":0.05018031168,"remaining_time":0.5333116846},
{"learn":[9.158773472],"iteration":86,"passed_time":0.05073704039,"remaining_time":0.5324473319},
{"learn":[9.116700386],"iteration":87,"passed_time":0.05134852323,"remaining_time":0.5321574226},
{"learn":[9.074933242],"iteration":88,"passed_time":0.05195854328,"remaining_time":0.5318453138},
{"learn":[9.031036977],"iteration":89,"passed_time":0.05250129542,"remaining_time":0.5308464314},
{"learn":[8.995351038],"iteration":90,"passed_time":0.05311383026,"remaining_time":0.5305546341},
{"learn":[8.952618139],"iteration":91,"passed_time":0.05373534216,"remaining_time":0.530344464},
{"learn":[8.908773058],"iteration":92,"passed_time":0.05436541034,"remaining_time":0.5302088944},
{"learn":[8.87062845],"iteration":93,"passed_time":0.05497009449,"remaining_time":0.5298181448},
{"learn":[8.831848351],"iteration":94,"passed_time":0.05553094104,"remaining_time":0.5290052804},
{"learn":[8.795715246],"iteration":95,"passed_time":0.05607971462,"remaining_time":0.5280839793},
{"learn":[8.755839646],"iteration":96,"passed_time":0.05665133165,"remaining_time":0.5273830152},
{"learn":[8.720977534],"iteration":97,"passed_time":0.05723016239,"remaining_time":0.5267510865},
{"learn":[8.686203294],"iteration":98,"passed_time":0.05779452562,"remaining_time":0.5259885614},
{"learn":[8.649513737],"iteration":99,"passed_time":0.05840949509,"remaining_time":0.5256854558},
{"learn":[8.611588772],"iteration":100,"passed_time":0.05897783588,"remaining_time":0.5249611332},
{"learn":[8.575325491],"iteration":101,"passed_time":0.05957566275,"remaining_time":0.5244994622},
{"learn":[8.544274283],"iteration":102,"passed_time":0.06015978355,"remaining_time":0.5239157849},
{"learn":[8.508868808],"iteration":103,"passed_time":0.06078989181,"remaining_time":0.5237282987},
{"learn":[8.471061624],"iteration":104,"passed_time":0.06141342757,"remaining_time":0.5234763588},
{"learn":[8.438581649],"iteration":105,"passed_time":0.06200849919,"remaining_time":0.5229773422},
{"learn":[8.401051099],"iteration":106,"passed_time":0.0625950947,"remaining_time":0.5224057904},
{"learn":[8.367729144],"iteration":107,"passed_time":0.0631739555,"remaining_time":0.5217700769},
{"learn":[8.334361713],"iteration":108,"passed_time":0.06379371408,"remaining_time":0.5214697178},
{"learn":[8.30444154],"iteration":109,"passed_time":0.06443172737,"remaining_time":0.5213112487},
{"learn":[8.267469847],"iteration":110,"passed_time":0.06503187896,"remaining_time":0.5208409044},
{"learn":[8.235590171],"iteration":111,"passed_time":0.06562245173,"remaining_time":0.5202922958},
{"learn":[8.200510249],"iteration":112,"passed_time":0.06626645671,"remaining_time":0.5201623637},
{"learn":[8.16972492],"iteration":113,"passed_time":0.06685168933,"remaining_time":0.5195666381},
{"learn":[8.140733758],"iteration":114,"passed_time":0.06739528306,"remaining_time":0.5186506566},
{"learn":[8.112530739],"iteration":115,"passed_time":0.06808587634,"remaining_time":0.5188613335},
{"learn":[8.080397467],"iteration":116,"passed_time":0.06872008239,"remaining_time":0.5186310491},
{"learn":[8.051816185],"iteration":117,"passed_time":0.06928769179,"remaining_time":0.5178961369},
{"learn":[8.021641313],"iteration":118,"passed_time":0.06992670698,"remaining_time":0.5176926794},
{"learn":[7.991442871],"iteration":119,"passed_time":0.07059068966,"remaining_time":0.5176650575},
{"learn":[7.96230098],"iteration":120,"passed_time":0.07116048322,"remaining_time":0.5169426839},
{"learn":[7.933570483],"iteration":121,"passed_time":0.07175107633,"remaining_time":0.5163725001},
{"learn":[7.907088345],"iteration":122,"passed_time":0.07237543365,"remaining_time":0.5160427261},
{"learn":[7.877872878],"iteration":123,"passed_time":0.07352197429,"remaining_time":0.5193971732},
{"learn":[7.848811364],"iteration":124,"passed_time":0.07404584051,"remaining_time":0.5183208835},
{"learn":[7.822220458],"iteration":125,"passed_time":0.07461461182,"remaining_time":0.517564847},
{"learn":[7.792738472],"iteration":126,"passed_time":0.07523176544,"remaining_time":0.5171443404},
{"learn":[7.765104411],"iteration":127,"passed_time":0.07600087348,"remaining_time":0.5177559506},
{"learn":[7.741526251],"iteration":128,"passed_time":0.07668541495,"remaining_time":0.517775166},
{"learn":[7.7167202],"iteration":129,"passed_time":0.07753014133,"remaining_time":0.5188555612},
{"learn":[7.687789522],"iteration":130,"passed_time":0.07814079259,"remaining_time":0.5183538073},
{"learn":[7.662470274],"iteration":131,"passed_time":0.07868459672,"remaining_time":0.517410833},
{"learn":[7.634793903],"iteration":132,"passed_time":0.07928115117,"remaining_time":0.5168177298},
{"learn":[7.610129168],"iteration":133,"passed_time":0.07989622083,"remaining_time":0.5163442331},
{"learn":[7.586568606],"iteration":134,"passed_time":0.08049997928,"remaining_time":0.5157961635},
{"learn":[7.5636249],"iteration":135,"passed_time":0.08091319477,"remaining_time":0.5140367668},
{"learn":[7.537060927],"iteration":136,"passed_time":0.08149101359,"remaining_time":0.5133339031},
{"learn":[7.510256577],"iteration":137,"passed_time":0.08209131517,"remaining_time":0.5127732875},
{"learn":[7.486649671],"iteration":138,"passed_time":0.08270693101,"remaining_time":0.5123069612},
{"learn":[7.464823526],"iteration":139,"passed_time":0.08317463528,"remaining_time":0.5109299024},
{"learn":[7.44127444],"iteration":140,"passed_time":0.08372104437,"remaining_time":0.5100452277},
{"learn":[7.416939587],"iteration":141,"passed_time":0.08428754166,"remaining_time":0.5092866954},
{"learn":[7.394172603],"iteration":142,"passed_time":0.08486017061,"remaining_time":0.5085675959},
{"learn":[7.373217485],"iteration":143,"passed_time":0.08547132281,"remaining_time":0.5080795301},
{"learn":[7.349962617],"iteration":144,"passed_time":0.08607742056,"remaining_time":0.5075599626},
{"learn":[7.331154845],"iteration":145,"passed_time":0.08667486154,"remaining_time":0.5069885737},
{"learn":[7.307521103],"iteration":146,"passed_time":0.08726723805,"remaining_time":0.5063874425},
{"learn":[7.287526772],"iteration":147,"passed_time":0.08782059034,"remaining_time":0.5055617768},
{"learn":[7.266000342],"iteration":148,"passed_time":0.08836762091,"remaining_time":0.5047036604},
{"learn":[7.244973707],"iteration":149,"passed_time":0.08899697774,"remaining_time":0.5043162072},
{"learn":[7.223623944],"iteration":150,"passed_time":0.08962224649,"remaining_time":0.5039025647},
{"learn":[7.203653776],"iteration":151,"passed_time":0.09019840214,"remaining_time":0.5032121383},
{"learn":[7.183619098],"iteration":152,"passed_time":0.09081903238,"remaining_time":0.5027694145},
{"learn":[7.162824712],"iteration":153,"passed_time":0.09146304708,"remaining_time":0.502452843},
{"learn":[7.141942562],"iteration":154,"passed_time":0.0920767341,"remaining_time":0.5019667117},
{"learn":[7.122867565],"iteration":155,"passed_time":0.09267289781,"remaining_time":0.5013841394},
{"learn":[7.101412658],"iteration":156,"passed_time":0.09324780108,"remaining_time":0.5006872377},
{"learn":[7.082011221],"iteration":157,"passed_time":0.09381039094,"remaining_time":0.4999262606},
{"learn":[7.065878912],"iteration":158,"passed_time":0.09434155103,"remaining_time":0.4990015372},
{"learn":[7.046176978],"iteration":159,"passed_time":0.09492756544,"remaining_time":0.4983697185},
{"learn":[7.027363634],"iteration":160,"passed_time":0.09547145519,"remaining_time":0.4975189497},
{"learn":[7.008562898],"iteration":161,"passed_time":0.09604582776,"remaining_time":0.4968296522},
{"learn":[6.991692469],"iteration":162,"passed_time":0.09663678125,"remaining_time":0.4962269074},
{"learn":[6.976557865],"iteration":163,"passed_time":0.09718204816,"remaining_time":0.4953914163},
{"learn":[6.958308097],"iteration":164,"passed_time":0.09775917567,"remaining_time":0.4947206769},
{"learn":[6.938735341],"iteration":165,"passed_time":0.09827922463,"remaining_time":0.4937642972},
{"learn":[6.91915527],"iteration":166,"passed_time":0.09888427948,"remaining_time":0.4932371545},
{"learn":[6.900662654],"iteration":167,"passed_time":0.09946791543,"remaining_time":0.4926030097},
{"learn":[6.882890445],"iteration":168,"passed_time":0.1000426183,"remaining_time":0.4919255374},
{"learn":[6.865466046],"iteration":169,"passed_time":0.1005744898,"remaining_time":0.4910401559},
{"learn":[6.847694591],"iteration":170,"passed_time":0.1010918339,"remaining_time":0.4900884812},
{"learn":[6.830667055],"iteration":171,"passed_time":0.1016803327,"remaining_time":0.4894843923},
{"learn":[6.814567358],"iteration":172,"passed_time":0.1022657159,"remaining_time":0.4888655899},
{"learn":[6.797083496],"iteration":173,"passed_time":0.1028853142,"remaining_time":0.4884095949},
{"learn":[6.781141927],"iteration":174,"passed_time":0.1035751457,"remaining_time":0.4882828298},
{"learn":[6.762884005],"iteration":175,"passed_time":0.1042136202,"remaining_time":0.4879092217},
{"learn":[6.748438],"iteration":176,"passed_time":0.1048049246,"remaining_time":0.4873132937},
{"learn":[6.730385967],"iteration":177,"passed_time":0.1054321772,"remaining_time":0.4868834249},
{"learn":[6.715002032],"iteration":178,"passed_time":0.1059734465,"remaining_time":0.4860569808},
{"learn":[6.697859686],"iteration":179,"passed_time":0.1065946077,"remaining_time":0.4855976574},
{"learn":[6.681574485],"iteration":180,"passed_time":0.1071712643,"remaining_time":0.4849351684},
{"learn":[6.667822956],"iteration":181,"passed_time":0.1078240156,"remaining_time":0.4846156307},
{"learn":[6.651410958],"iteration":182,"passed_time":0.1083904279,"remaining_time":0.4839069924},
{"learn":[6.633904918],"iteration":183,"passed_time":0.1089197144,"remaining_time":0.4830352554},
{"learn":[6.619591329],"iteration":184,"passed_time":0.1094923234,"remaining_time":0.4823580732},
{"learn":[6.604803433],"iteration":185,"passed_time":0.1100639607,"remaining_time":0.4816777636},
{"learn":[6.589761048],"iteration":186,"passed_time":0.1106025553,"remaining_time":0.4808549595},
{"learn":[6.575017037],"iteration":187,"passed_time":0.1111368009,"remaining_time":0.4800163954},
{"learn":[6.561570601],"iteration":188,"passed_time":0.1118087184,"remaining_time":0.4797718021},
{"learn":[6.546421982],"iteration":189,"passed_time":0.1123405798,"remaining_time":0.4789256296},
{"learn":[6.53192001],"iteration":190,"passed_time":0.1129183989,"remaining_time":0.4782774069},
{"learn":[6.516216647],"iteration":191,"passed_time":0.1134879317,"remaining_time":0.4775950458},
{"learn":[6.502008753],"iteration":192,"passed_time":0.1140290808,"remaining_time":0.4767951719},
{"learn":[6.488985542],"iteration":193,"passed_time":0.1145626855,"remaining_time":0.4759666212},
{"learn":[6.474199755],"iteration":194,"passed_time":0.1151414561,"remaining_time":0.4753275496},
{"learn":[6.460745461],"iteration":195,"passed_time":0.1156644607,"remaining_time":0.4744603388},
{"learn":[6.446193606],"iteration":196,"passed_time":0.1162332727,"remaining_time":0.47378334},
{"learn":[6.433583835],"iteration":197,"passed_time":0.1167396554,"remaining_time":0.4728545637},
{"learn":[6.418757216],"iteration":198,"passed_time":0.1173227743,"remaining_time":0.4722389055},
{"learn":[6.407047946],"iteration":199,"passed_time":0.118139277,"remaining_time":0.4725571079},
{"learn":[6.395889617],"iteration":200,"passed_time":0.1188200917,"remaining_time":0.472324643},
{"learn":[6.384516903],"iteration":201,"passed_time":0.1194259638,"remaining_time":0.4717916789},
{"learn":[6.373456324],"iteration":202,"passed_time":0.1201319564,"remaining_time":0.47165108},
{"learn":[6.361572538],"iteration":203,"passed_time":0.1207374831,"remaining_time":0.4711129241},
{"learn":[6.348495294],"iteration":204,"passed_time":0.1213715337,"remaining_time":0.4706847281},
{"learn":[6.335824104],"iteration":205,"passed_time":0.1219872145,"remaining_time":0.4701837296},
{"learn":[6.324931143],"iteration":206,"passed_time":0.1225583105,"remaining_time":0.4695108224},
{"learn":[6.312929166],"iteration":207,"passed_time":0.1232467697,"remaining_time":0.469285777},
{"learn":[6.300486364],"iteration":208,"passed_time":0.1238842471,"remaining_time":0.4688633469},
{"learn":[6.288311474],"iteration":209,"passed_time":0.1244727363,"remaining_time":0.4682545793},
{"learn":[6.276413768],"iteration":210,"passed_time":0.1250863532,"remaining_time":0.4677399651},
{"learn":[6.265109245],"iteration":211,"passed_time":0.1256497045,"remaining_time":0.4670375807},
{"learn":[6.254326073],"iteration":212,"passed_time":0.1262137571,"remaining_time":0.4663390931},
{"learn":[6.244113356],"iteration":213,"passed_time":0.1267988446,"remaining_time":0.4657191208},
{"learn":[6.232739765],"iteration":214,"passed_time":0.127332279,"remaining_time":0.4649108792},
{"learn":[6.219911165],"iteration":215,"passed_time":0.1279126827,"remaining_time":0.4642756633},
{"learn":[6.209083857],"iteration":216,"passed_time":0.1284891842,"remaining_time":0.463626872},
{"learn":[6.199608309],"iteration":217,"passed_time":0.1290886691,"remaining_time":0.4630611891},
{"learn":[6.190831894],"iteration":218,"passed_time":0.1295958235,"remaining_time":0.4621659277},
{"learn":[6.180276576],"iteration":219,"passed_time":0.1302216336,"remaining_time":0.4616948827},
{"learn":[6.17166382],"iteration":220,"passed_time":0.1311721512,"remaining_time":0.4623669944},
{"learn":[6.162833749],"iteration":221,"passed_time":0.1317747972,"remaining_time":0.4618053703},
{"learn":[6.152038952],"iteration":222,"passed_time":0.1323120589,"remaining_time":0.4610155594},
{"learn":[6.141197318],"iteration":223,"passed_time":0.1329343022,"remaining_time":0.460522404},
{"learn":[6.131082772],"iteration":224,"passed_time":0.1335513459,"remaining_time":0.4600101914},
{"learn":[6.121483402],"iteration":225,"passed_time":0.1341500541,"remaining_time":0.4594342562},
{"learn":[6.113164496],"iteration":226,"passed_time":0.13468427,"remaining_time":0.4586385055},
{"learn":[6.102764314],"iteration":227,"passed_time":0.1354326332,"remaining_time":0.4585701439},
{"learn":[6.091933307],"iteration":228,"passed_time":0.1361330351,"remaining_time":0.4583343671},
{"learn":[6.081128163],"iteration":229,"passed_time":0.136890566,"remaining_time":0.4582858079},
{"learn":[6.07107704],"iteration":230,"passed_time":0.1374547589,"remaining_time":0.4575874874},
{"learn":[6.062993569],"iteration":231,"passed_time":0.1380249629,"remaining_time":0.4569102221},
{"learn":[6.054212271],"iteration":232,"passed_time":0.1386191331,"remaining_time":0.4563127688},
{"learn":[6.045187675],"iteration":233,"passed_time":0.1392088343,"remaining_time":0.4557007138},
{"learn":[6.035701156],"iteration":234,"passed_time":0.1398537607,"remaining_time":0.4552686252},
{"learn":[6.026161209],"iteration":235,"passed_time":0.1404850655,"remaining_time":0.4547906357},
{"learn":[6.018459611],"iteration":236,"passed_time":0.14111019,"remaining_time":0.4542914556},
{"learn":[6.00978854],"iteration":237,"passed_time":0.1417167377,"remaining_time":0.45373174},
{"learn":[5.999926585],"iteration":238,"passed_time":0.1423635177,"remaining_time":0.4532997361},
{"learn":[5.992097772],"iteration":239,"passed_time":0.1430353155,"remaining_time":0.4529451657},
{"learn":[5.985048074],"iteration":240,"passed_time":0.1435534308,"remaining_time":0.4521039583},
{"learn":[5.976905804],"iteration":241,"passed_time":0.144050476,"remaining_time":0.4511994248},
{"learn":[5.967661013],"iteration":242,"passed_time":0.1446442649,"remaining_time":0.4505996235},
{"learn":[5.958949258],"iteration":243,"passed_time":0.145239056,"remaining_time":0.4500029767},
{"learn":[5.950540026],"iteration":244,"passed_time":0.1458474028,"remaining_time":0.449448119},
{"learn":[5.941518305],"iteration":245,"passed_time":0.146411746,"remaining_time":0.4487579533},
{"learn":[5.932927812],"iteration":246,"passed_time":0.1469211748,"remaining_time":0.4479013952},
{"learn":[5.92508835],"iteration":247,"passed_time":0.147478545,"remaining_time":0.4471930075},
{"learn":[5.918764775],"iteration":248,"passed_time":0.1480980027,"remaining_time":0.4466730926},
{"learn":[5.911192526],"iteration":249,"passed_time":0.1486858406,"remaining_time":0.4460575218},
{"learn":[5.903948879],"iteration":250,"passed_time":0.1493478398,"remaining_time":0.4456634742},
{"learn":[5.897204348],"iteration":251,"passed_time":0.1499251073,"remaining_time":0.4450157946},
{"learn":[5.889641237],"iteration":252,"passed_time":0.1504788306,"remaining_time":0.4442991559},
{"learn":[5.883456942],"iteration":253,"passed_time":0.1510982685,"remaining_time":0.4437768045},
{"learn":[5.876446182],"iteration":254,"passed_time":0.1516777001,"remaining_time":0.4431368102},
{"learn":[5.869797755],"iteration":255,"passed_time":0.1523251614,"remaining_time":0.4426950003},
{"learn":[5.86267023],"iteration":256,"passed_time":0.1529919694,"remaining_time":0.4423075225},
{"learn":[5.855522047],"iteration":257,"passed_time":0.1536205748,"remaining_time":0.4418080098},
{"learn":[5.849154395],"iteration":258,"passed_time":0.1541981832,"remaining_time":0.4411615976},
{"learn":[5.84287218],"iteration":259,"passed_time":0.1548572365,"remaining_time":0.4407475194},
{"learn":[5.836870408],"iteration":260,"passed_time":0.1554295148,"remaining_time":0.4400858676},
{"learn":[5.830308227],"iteration":261,"passed_time":0.1560174128,"remaining_time":0.4394688956},
{"learn":[5.824341478],"iteration":262,"passed_time":0.1565545142,"remaining_time":0.4387097983},
{"learn":[5.818295073],"iteration":263,"passed_time":0.1571492251,"remaining_time":0.4381129913},
{"learn":[5.812071979],"iteration":264,"passed_time":0.1577369929,"remaining_time":0.4374969425},
{"learn":[5.804725206],"iteration":265,"passed_time":0.1582685938,"remaining_time":0.4367261198},
{"learn":[5.797508362],"iteration":266,"passed_time":0.1588900158,"remaining_time":0.4362036765},
{"learn":[5.790441048],"iteration":267,"passed_time":0.1594607309,"remaining_time":0.4355419962},
{"learn":[5.784510243],"iteration":268,"passed_time":0.1600478974,"remaining_time":0.434925699},
{"learn":[5.778111729],"iteration":269,"passed_time":0.1607457345,"remaining_time":0.4346088377},
{"learn":[5.773039843],"iteration":270,"passed_time":0.1613401549,"remaining_time":0.4340109702},
{"learn":[5.767399496],"iteration":271,"passed_time":0.161939505,"remaining_time":0.4334263221},
{"learn":[5.761709219],"iteration":272,"passed_time":0.1625101899,"remaining_time":0.432765231},
{"learn":[5.755293779],"iteration":273,"passed_time":0.1630662874,"remaining_time":0.4320661484},
{"learn":[5.749533205],"iteration":274,"passed_time":0.1636085189,"remaining_time":0.4313315497},
{"learn":[5.742216171],"iteration":275,"passed_time":0.1641174767,"remaining_time":0.4305110622},
{"learn":[5.736559261],"iteration":276,"passed_time":0.1646756482,"remaining_time":0.4298212767},
{"learn":[5.72998408],"iteration":277,"passed_time":0.1652595683,"remaining_time":0.4291993105},
{"learn":[5.723871999],"iteration":278,"passed_time":0.1658283399,"remaining_time":0.4285384698},
{"learn":[5.719243461],"iteration":279,"passed_time":0.1663584984,"remaining_time":0.4277789959},
{"learn":[5.713271912],"iteration":280,"passed_time":0.1669263981,"remaining_time":0.4271177232},
{"learn":[5.708158258],"iteration":281,"passed_time":0.1675084249,"remaining_time":0.4264930818},
{"learn":[5.702506693],"iteration":282,"passed_time":0.168165665,"remaining_time":0.4260592998},
{"learn":[5.696686666],"iteration":283,"passed_time":0.1686735208,"remaining_time":0.4252473271},
{"learn":[5.691696698],"iteration":284,"passed_time":0.1692239175,"remaining_time":0.424544214},
{"learn":[5.685100828],"iteration":285,"passed_time":0.1697971278,"remaining_time":0.4238991234},
{"learn":[5.680057353],"iteration":286,"passed_time":0.1703511714,"remaining_time":0.4232069172},
{"learn":[5.673166538],"iteration":287,"passed_time":0.1709064975,"remaining_time":0.422518841},
{"learn":[5.66873929],"iteration":288,"passed_time":0.1714787257,"remaining_time":0.4218732663},
{"learn":[5.664105851],"iteration":289,"passed_time":0.1719486691,"remaining_time":0.420977776},
{"learn":[5.659399456],"iteration":290,"passed_time":0.1725906098,"remaining_time":0.4205042693},
{"learn":[5.654898074],"iteration":291,"passed_time":0.1732785432,"remaining_time":0.4201411252},
{"learn":[5.650351991],"iteration":292,"passed_time":0.173961457,"remaining_time":0.4197636522},
{"learn":[5.646439115],"iteration":293,"passed_time":0.1746090834,"remaining_time":0.4192993636},
{"learn":[5.641896388],"iteration":294,"passed_time":0.1752738728,"remaining_time":0.4188748485},
{"learn":[5.637758057],"iteration":295,"passed_time":0.17587171,"remaining_time":0.4182894724},
{"learn":[5.633420536],"iteration":296,"passed_time":0.176469617,"remaining_time":0.4177041776},
{"learn":[5.628014129],"iteration":297,"passed_time":0.177084486,"remaining_time":0.4171587555},
{"learn":[5.623351869],"iteration":298,"passed_time":0.1776817761,"remaining_time":0.4165716556},
{"learn":[5.618906903],"iteration":299,"passed_time":0.1783585931,"remaining_time":0.4161700507},
{"learn":[5.614216284],"iteration":300,"passed_time":0.178928928,"remaining_time":0.4155193378},
{"learn":[5.609760382],"iteration":301,"passed_time":0.1794848649,"remaining_time":0.4148358799},
{"learn":[5.604847166],"iteration":302,"passed_time":0.1800299117,"remaining_time":0.4141282128},
{"learn":[5.600636373],"iteration":303,"passed_time":0.1805682755,"remaining_time":0.413406315},
{"learn":[5.59556525],"iteration":304,"passed_time":0.1811185322,"remaining_time":0.412712721},
{"learn":[5.591329809],"iteration":305,"passed_time":0.1817472175,"remaining_time":0.4121979377},
{"learn":[5.586668879],"iteration":306,"passed_time":0.1823680882,"remaining_time":0.4116647723},
{"learn":[5.582386611],"iteration":307,"passed_time":0.1829644723,"remaining_time":0.4110760222},
{"learn":[5.577426921],"iteration":308,"passed_time":0.1836480222,"remaining_time":0.4106821467},
{"learn":[5.572039742],"iteration":309,"passed_time":0.1842078422,"remaining_time":0.4100110036},
{"learn":[5.567703009],"iteration":310,"passed_time":0.1847929194,"remaining_time":0.409396532},
{"learn":[5.562909928],"iteration":311,"passed_time":0.1853789037,"remaining_time":0.4087842493},
{"learn":[5.558621979],"iteration":312,"passed_time":0.1859512722,"remaining_time":0.4081422492},
{"learn":[5.554386753],"iteration":313,"passed_time":0.1865438943,"remaining_time":0.4075449411},
{"learn":[5.550915515],"iteration":314,"passed_time":0.1871640628,"remaining_time":0.407007565},
{"learn":[5.547439735],"iteration":315,"passed_time":0.1877017911,"remaining_time":0.4062912187},
{"learn":[5.543311812],"iteration":316,"passed_time":0.1882699959,"remaining_time":0.405641663},
{"learn":[5.539949036],"iteration":317,"passed_time":0.1888162905,"remaining_time":0.4049456293},
{"learn":[5.536286021],"iteration":318,"passed_time":0.1894320257,"remaining_time":0.4043987758},
{"learn":[5.532372533],"iteration":319,"passed_time":0.1900033521,"remaining_time":0.4037571233},
{"learn":[5.528914368],"iteration":320,"passed_time":0.1906068498,"remaining_time":0.4031839595},
{"learn":[5.524021084],"iteration":321,"passed_time":0.1912570262,"remaining_time":0.4027088937},
{"learn":[5.521413083],"iteration":322,"passed_time":0.1918007802,"remaining_time":0.4020096849},
{"learn":[5.517431093],"iteration":323,"passed_time":0.1923583156,"remaining_time":0.4013401894},
{"learn":[5.51313465],"iteration":324,"passed_time":0.1929009876,"remaining_time":0.4006405128},
{"learn":[5.509396468],"iteration":325,"passed_time":0.1935046456,"remaining_time":0.4000678869},
{"learn":[5.505833918],"iteration":326,"passed_time":0.1941293587,"remaining_time":0.399538405},
{"learn":[5.501799068],"iteration":327,"passed_time":0.1946447488,"remaining_time":0.3987843634},
{"learn":[5.497607291],"iteration":328,"passed_time":0.1952423052,"remaining_time":0.3981993519},
{"learn":[5.493805712],"iteration":329,"passed_time":0.1958382184,"remaining_time":0.3976109283},
{"learn":[5.490414693],"iteration":330,"passed_time":0.1964405639,"remaining_time":0.3970354599},
{"learn":[5.486041179],"iteration":331,"passed_time":0.1970292834,"remaining_time":0.3964324136},
{"learn":[5.482410473],"iteration":332,"passed_time":0.1975786682,"remaining_time":0.3957506657},
{"learn":[5.478261973],"iteration":333,"passed_time":0.1981285338,"remaining_time":0.3950706692},
{"learn":[5.474632525],"iteration":334,"passed_time":0.1987110015,"remaining_time":0.3944561671},
{"learn":[5.470710606],"iteration":335,"passed_time":0.1992893814,"remaining_time":0.3938337775},
{"learn":[5.467932231],"iteration":336,"passed_time":0.1998901441,"remaining_time":0.3932556841},
{"learn":[5.464815077],"iteration":337,"passed_time":0.2003950139,"remaining_time":0.3924896426},
{"learn":[5.461498863],"iteration":338,"passed_time":0.2009764496,"remaining_time":0.3918744342},
{"learn":[5.458505322],"iteration":339,"passed_time":0.201547716,"remaining_time":0.3912396839},
{"learn":[5.454768414],"iteration":340,"passed_time":0.2020927224,"remaining_time":0.3905545573},
{"learn":[5.451489374],"iteration":341,"passed_time":0.2026647745,"remaining_time":0.3899222854},
{"learn":[5.447985119],"iteration":342,"passed_time":0.2031916066,"remaining_time":0.389203748},
{"learn":[5.444406467],"iteration":343,"passed_time":0.2037217248,"remaining_time":0.3884925914},
{"learn":[5.4409478],"iteration":344,"passed_time":0.2042874706,"remaining_time":0.3878501254},
{"learn":[5.438277702],"iteration":345,"passed_time":0.2048652494,"remaining_time":0.387230847},
{"learn":[5.435489522],"iteration":346,"passed_time":0.2053962288,"remaining_time":0.3865237389},
{"learn":[5.431575979],"iteration":347,"passed_time":0.2059876735,"remaining_time":0.3859309286},
{"learn":[5.427559163],"iteration":348,"passed_time":0.2066108586,"remaining_time":0.3853973323},
{"learn":[5.423908619],"iteration":349,"passed_time":0.2071568669,"remaining_time":0.3847198958},
{"learn":[5.42129759],"iteration":350,"passed_time":0.2077482916,"remaining_time":0.3841271831},
{"learn":[5.418036382],"iteration":351,"passed_time":0.2083372416,"remaining_time":0.3835299221},
{"learn":[5.414395954],"iteration":352,"passed_time":0.2089560784,"remaining_time":0.3829874866},
{"learn":[5.411407092],"iteration":353,"passed_time":0.2094751055,"remaining_time":0.3822624806},
{"learn":[5.408810346],"iteration":354,"passed_time":0.2100470732,"remaining_time":0.3816348231},
{"learn":[5.406404887],"iteration":355,"passed_time":0.2105869198,"remaining_time":0.3809493717},
{"learn":[5.403784766],"iteration":356,"passed_time":0.2111506217,"remaining_time":0.3803077025},
{"learn":[5.401536519],"iteration":357,"passed_time":0.2117483785,"remaining_time":0.379727539},
{"learn":[5.399118073],"iteration":358,"passed_time":0.2123380101,"remaining_time":0.37913277},
{"learn":[5.396552344],"iteration":359,"passed_time":0.2128876049,"remaining_time":0.3784668532},
{"learn":[5.39429733],"iteration":360,"passed_time":0.2133937073,"remaining_time":0.3777245955},
{"learn":[5.391188056],"iteration":361,"passed_time":0.2139189865,"remaining_time":0.3770174404},
{"learn":[5.388620649],"iteration":362,"passed_time":0.2144863151,"remaining_time":0.3763850764},
{"learn":[5.384892414],"iteration":363,"passed_time":0.2150713328,"remaining_time":0.375783977},
{"learn":[5.382377704],"iteration":364,"passed_time":0.2156833169,"remaining_time":0.37522988},
{"learn":[5.379921824],"iteration":365,"passed_time":0.2161966728,"remaining_time":0.374504619},
{"learn":[5.376055591],"iteration":366,"passed_time":0.2167508066,"remaining_time":0.3738508462},
{"learn":[5.373354529],"iteration":367,"passed_time":0.2173011935,"remaining_time":0.3731911802},
{"learn":[5.37030095],"iteration":368,"passed_time":0.2179452483,"remaining_time":0.372692281},
{"learn":[5.367052287],"iteration":369,"passed_time":0.2184893132,"remaining_time":0.3720223442},
{"learn":[5.364967614],"iteration":370,"passed_time":0.2190696669,"remaining_time":0.3714146104},
{"learn":[5.36225618],"iteration":371,"passed_time":0.2196064176,"remaining_time":0.3707334147},
{"learn":[5.360551539],"iteration":372,"passed_time":0.2201832142,"remaining_time":0.3701203091},
{"learn":[5.35756081],"iteration":373,"passed_time":0.2207650309,"remaining_time":0.3695158004},
{"learn":[5.354723083],"iteration":374,"passed_time":0.2213168603,"remaining_time":0.3688614338},
{"learn":[5.353586911],"iteration":375,"passed_time":0.2216349853,"remaining_time":0.3678197628},
{"learn":[5.351378688],"iteration":376,"passed_time":0.2222388233,"remaining_time":0.3672540766},
{"learn":[5.348513762],"iteration":377,"passed_time":0.2228148286,"remaining_time":0.36664239},
{"learn":[5.346649498],"iteration":378,"passed_time":0.2234413701,"remaining_time":0.3661136961},
{"learn":[5.343474395],"iteration":379,"passed_time":0.2239788923,"remaining_time":0.3654392453},
{"learn":[5.340826785],"iteration":380,"passed_time":0.2245852053,"remaining_time":0.3648772758},
{"learn":[5.337942842],"iteration":381,"passed_time":0.2251948847,"remaining_time":0.3643205203},
{"learn":[5.335693713],"iteration":382,"passed_time":0.2257741863,"remaining_time":0.3637145508},
{"learn":[5.333314744],"iteration":383,"passed_time":0.226366142,"remaining_time":0.3631290195},
{"learn":[5.330301794],"iteration":384,"passed_time":0.2269908002,"remaining_time":0.3625956939},
{"learn":[5.328376104],"iteration":385,"passed_time":0.2275909254,"remaining_time":0.362022871},
{"learn":[5.326841576],"iteration":386,"passed_time":0.2281358666,"remaining_time":0.3613624966},
{"learn":[5.324223873],"iteration":387,"passed_time":0.2287130244,"remaining_time":0.3607535334},
{"learn":[5.32102937],"iteration":388,"passed_time":0.2292135763,"remaining_time":0.3600244091},
{"learn":[5.31855439],"iteration":389,"passed_time":0.2298084172,"remaining_time":0.3594439346},
{"learn":[5.316424332],"iteration":390,"passed_time":0.2303060936,"remaining_time":0.3587120486},
{"learn":[5.315263639],"iteration":391,"passed_time":0.2305711677,"remaining_time":0.3576205866},
{"learn":[5.313717928],"iteration":392,"passed_time":0.2311736237,"remaining_time":0.3570544264},
{"learn":[5.310858178],"iteration":393,"passed_time":0.2317148128,"remaining_time":0.3563938492},
{"learn":[5.308035411],"iteration":394,"passed_time":0.2322982423,"remaining_time":0.3557985737},
{"learn":[5.307334918],"iteration":395,"passed_time":0.2326138926,"remaining_time":0.3547949271},
{"learn":[5.304085362],"iteration":396,"passed_time":0.2332215181,"remaining_time":0.3542382252},
{"learn":[5.301661675],"iteration":397,"passed_time":0.2337759221,"remaining_time":0.3536007665},
{"learn":[5.298887819],"iteration":398,"passed_time":0.2343604737,"remaining_time":0.3530091345},
{"learn":[5.296749236],"iteration":399,"passed_time":0.234927903,"remaining_time":0.3523918546},
{"learn":[5.29436119],"iteration":400,"passed_time":0.2355195682,"remaining_time":0.3518110258},
{"learn":[5.29158979],"iteration":401,"passed_time":0.236105422,"remaining_time":0.3512214984},
{"learn":[5.289693055],"iteration":402,"passed_time":0.2366324542,"remaining_time":0.3505448516},
{"learn":[5.2868056],"iteration":403,"passed_time":0.2371971681,"remaining_time":0.3499245352},
{"learn":[5.284909013],"iteration":404,"passed_time":0.2377567322,"remaining_time":0.3492969276},
{"learn":[5.282759368],"iteration":405,"passed_time":0.2382874114,"remaining_time":0.348627395},
{"learn":[5.280450974],"iteration":406,"passed_time":0.2388553815,"remaining_time":0.3480128777},
{"learn":[5.278618827],"iteration":407,"passed_time":0.2393628969,"remaining_time":0.3473108701},
{"learn":[5.276602361],"iteration":408,"passed_time":0.23991138,"remaining_time":0.3466690111},
{"learn":[5.27377063],"iteration":409,"passed_time":0.2405350259,"remaining_time":0.346135769},
{"learn":[5.270881056],"iteration":410,"passed_time":0.2411507966,"remaining_time":0.345590801},
{"learn":[5.268832692],"iteration":411,"passed_time":0.2417411596,"remaining_time":0.3450092278},
{"learn":[5.267278686],"iteration":412,"passed_time":0.2422649053,"remaining_time":0.3443329283},
{"learn":[5.265215792],"iteration":413,"passed_time":0.2428360013,"remaining_time":0.3437243883},
{"learn":[5.26311518],"iteration":414,"passed_time":0.2434219957,"remaining_time":0.3431370301},
{"learn":[5.261180537],"iteration":415,"passed_time":0.2439911082,"remaining_time":0.3425259789},
{"learn":[5.25874805],"iteration":416,"passed_time":0.2445158158,"remaining_time":0.341853047},
{"learn":[5.257195059],"iteration":417,"passed_time":0.2450372273,"remaining_time":0.3411762352},
{"learn":[5.254794939],"iteration":418,"passed_time":0.2456518665,"remaining_time":0.3406294377},
{"learn":[5.252647545],"iteration":419,"passed_time":0.2461876153,"remaining_time":0.3399733735},
{"learn":[5.250749102],"iteration":420,"passed_time":0.2468729382,"remaining_time":0.3395235896},
{"learn":[5.248097216],"iteration":421,"passed_time":0.2475458281,"remaining_time":0.3390556603},
{"learn":[5.24566999],"iteration":422,"passed_time":0.2481106119,"remaining_time":0.338439298},
{"learn":[5.243759426],"iteration":423,"passed_time":0.2486809468,"remaining_time":0.3378307201},
{"learn":[5.241423002],"iteration":424,"passed_time":0.2492672417,"remaining_time":0.3372439152},
{"learn":[5.240096604],"iteration":425,"passed_time":0.2497886031,"remaining_time":0.3365696202},
{"learn":[5.238811652],"iteration":426,"passed_time":0.2502655702,"remaining_time":0.3358364677},
{"learn":[5.237122631],"iteration":427,"passed_time":0.2508665628,"remaining_time":0.3352702661},
{"learn":[5.234914298],"iteration":428,"passed_time":0.251441967,"remaining_time":0.3346698442},
{"learn":[5.232782371],"iteration":429,"passed_time":0.252042489,"remaining_time":0.3341028342},
{"learn":[5.230834538],"iteration":430,"passed_time":0.2525938775,"remaining_time":0.3334708035},
{"learn":[5.228713245],"iteration":431,"passed_time":0.2532291456,"remaining_time":0.3329494322},
{"learn":[5.226854868],"iteration":432,"passed_time":0.2538043394,"remaining_time":0.3323488694},
{"learn":[5.22570501],"iteration":433,"passed_time":0.2542430637,"remaining_time":0.3315704472},
{"learn":[5.224238241],"iteration":434,"passed_time":0.2549155028,"remaining_time":0.3310971473},
{"learn":[5.222101558],"iteration":435,"passed_time":0.2555636657,"remaining_time":0.3305915308},
{"learn":[5.220069654],"iteration":436,"passed_time":0.2561224981,"remaining_time":0.3299701749},
{"learn":[5.217393929],"iteration":437,"passed_time":0.2567134218,"remaining_time":0.329390281},
{"learn":[5.215203411],"iteration":438,"passed_time":0.2572804055,"remaining_time":0.3287797437},
{"learn":[5.213193355],"iteration":439,"passed_time":0.2578385615,"remaining_time":0.3281581692},
{"learn":[5.21151134],"iteration":440,"passed_time":0.2584354669,"remaining_time":0.327586},
{"learn":[5.210031607],"iteration":441,"passed_time":0.2590143177,"remaining_time":0.3269909259},
{"learn":[5.207417131],"iteration":442,"passed_time":0.2596208508,"remaining_time":0.3264307311},
{"learn":[5.20513401],"iteration":443,"passed_time":0.2601899731,"remaining_time":0.3258234798},
{"learn":[5.203351298],"iteration":444,"passed_time":0.2607632833,"remaining_time":0.325221623},
{"learn":[5.201190135],"iteration":445,"passed_time":0.2613774312,"remaining_time":0.3246706209},
{"learn":[5.199104715],"iteration":446,"passed_time":0.2620090624,"remaining_time":0.3241409653},
{"learn":[5.196975849],"iteration":447,"passed_time":0.262618311,"remaining_time":0.323583276},
{"learn":[5.195347933],"iteration":448,"passed_time":0.2631793883,"remaining_time":0.3229662426},
{"learn":[5.19399529],"iteration":449,"passed_time":0.2638141153,"remaining_time":0.3224394743},
{"learn":[5.192529596],"iteration":450,"passed_time":0.2644315995,"remaining_time":0.3218912376},
{"learn":[5.190672877],"iteration":451,"passed_time":0.264925078,"remaining_time":0.3211923512},
{"learn":[5.188796967],"iteration":452,"passed_time":0.2654552064,"remaining_time":0.3205386267},
{"learn":[5.187134157],"iteration":453,"passed_time":0.2660204009,"remaining_time":0.3199276187},
{"learn":[5.18507383],"iteration":454,"passed_time":0.2666198211,"remaining_time":0.3193578077},
{"learn":[5.183200294],"iteration":455,"passed_time":0.2672682642,"remaining_time":0.3188463503},
{"learn":[5.181090577],"iteration":456,"passed_time":0.2678397708,"remaining_time":0.3182428786},
{"learn":[5.179298726],"iteration":457,"passed_time":0.2684134918,"remaining_time":0.3176421671},
{"learn":[5.178019961],"iteration":458,"passed_time":0.2689165083,"remaining_time":0.3169582375},
{"learn":[5.176878487],"iteration":459,"passed_time":0.2694817235,"remaining_time":0.3163481102},
{"learn":[5.174342076],"iteration":460,"passed_time":0.2700566465,"remaining_time":0.3157495281},
{"learn":[5.172647465],"iteration":461,"passed_time":0.2706177338,"remaining_time":0.3151349368},
{"learn":[5.170765674],"iteration":462,"passed_time":0.2711888997,"remaining_time":0.3145322659},
{"learn":[5.168189118],"iteration":463,"passed_time":0.2717771784,"remaining_time":0.3139494992},
{"learn":[5.165572215],"iteration":464,"passed_time":0.2723776002,"remaining_time":0.3133806798},
{"learn":[5.163909489],"iteration":465,"passed_time":0.2729984851,"remaining_time":0.312835174},
{"learn":[5.162444391],"iteration":466,"passed_time":0.2736009709,"remaining_time":0.3122683458},
{"learn":[5.162143637],"iteration":467,"passed_time":0.2739048439,"remaining_time":0.3113619166},
{"learn":[5.160407357],"iteration":468,"passed_time":0.2745966744,"remaining_time":0.3108973008},
{"learn":[5.158056502],"iteration":469,"passed_time":0.2752905582,"remaining_time":0.3104340337},
{"learn":[5.156405711],"iteration":470,"passed_time":0.2758718597,"remaining_time":0.3098433413},
{"learn":[5.155021423],"iteration":471,"passed_time":0.276437706,"remaining_time":0.3092353999},
{"learn":[5.153512458],"iteration":472,"passed_time":0.277009463,"remaining_time":0.308634222},
{"learn":[5.152314275],"iteration":473,"passed_time":0.27755989,"remaining_time":0.3080094982},
{"learn":[5.149834312],"iteration":474,"passed_time":0.2781599812,"remaining_time":0.3074399792},
{"learn":[5.148874574],"iteration":475,"passed_time":0.2786845287,"remaining_time":0.3067871703},
{"learn":[5.14693114],"iteration":476,"passed_time":0.2792112804,"remaining_time":0.3061373158},
{"learn":[5.144977742],"iteration":477,"passed_time":0.2798092172,"remaining_time":0.3055657142},
{"learn":[5.143520003],"iteration":478,"passed_time":0.280353723,"remaining_time":0.3049358866},
{"learn":[5.142629304],"iteration":479,"passed_time":0.2808937396,"remaining_time":0.3043015512},
{"learn":[5.141954349],"iteration":480,"passed_time":0.2813545362,"remaining_time":0.3035821295},
{"learn":[5.140300529],"iteration":481,"passed_time":0.2819621116,"remaining_time":0.3030215224},
{"learn":[5.138737068],"iteration":482,"passed_time":0.2824870999,"remaining_time":0.3023723202},
{"learn":[5.137390345],"iteration":483,"passed_time":0.2830658001,"remaining_time":0.3017808944},
{"learn":[5.13557279],"iteration":484,"passed_time":0.2836714419,"remaining_time":0.301218129},
{"learn":[5.133902359],"iteration":485,"passed_time":0.2842567152,"remaining_time":0.3006336452},
{"learn":[5.132197021],"iteration":486,"passed_time":0.2848142251,"remaining_time":0.3000199126},
{"learn":[5.130865643],"iteration":487,"passed_time":0.2854931704,"remaining_time":0.2995338181},
{"learn":[5.129311383],"iteration":488,"passed_time":0.2860736901,"remaining_time":0.2989440811},
{"learn":[5.127077953],"iteration":489,"passed_time":0.2866893609,"remaining_time":0.2983909675},
{"learn":[5.125067882],"iteration":490,"passed_time":0.2873650859,"remaining_time":0.2978998549},
{"learn":[5.123720286],"iteration":491,"passed_time":0.2880054136,"remaining_time":0.2973714433},
{"learn":[5.122278467],"iteration":492,"passed_time":0.2885419239,"remaining_time":0.2967358122},
{"learn":[5.120487815],"iteration":493,"passed_time":0.2890921305,"remaining_time":0.2961146114},
{"learn":[5.118934624],"iteration":494,"passed_time":0.2897009981,"remaining_time":0.2955535435},
{"learn":[5.117935082],"iteration":495,"passed_time":0.2901923124,"remaining_time":0.2948728335},
{"learn":[5.117145254],"iteration":496,"passed_time":0.2908422426,"remaining_time":0.2943534165},
{"learn":[5.115939743],"iteration":497,"passed_time":0.2915206569,"remaining_time":0.2938621883},
{"learn":[5.114400805],"iteration":498,"passed_time":0.2922147025,"remaining_time":0.2933859037},
{"learn":[5.112453492],"iteration":499,"passed_time":0.2928489186,"remaining_time":0.2928489186},
{"learn":[5.110370718],"iteration":500,"passed_time":0.2934499015,"remaining_time":0.2922784448},
{"learn":[5.107978519],"iteration":501,"passed_time":0.2940252999,"remaining_time":0.2916824689},
{"learn":[5.107627353],"iteration":502,"passed_time":0.2945602029,"remaining_time":0.2910465623},
{"learn":[5.106803358],"iteration":503,"passed_time":0.2951351906,"remaining_time":0.290450505},
{"learn":[5.105523847],"iteration":504,"passed_time":0.2957537769,"remaining_time":0.2898972665},
{"learn":[5.10318133],"iteration":505,"passed_time":0.2963577455,"remaining_time":0.2893294985},
{"learn":[5.10220524],"iteration":506,"passed_time":0.2969036135,"remaining_time":0.2887050917},
{"learn":[5.100199793],"iteration":507,"passed_time":0.297507031,"remaining_time":0.2881367308},
{"learn":[5.099084044],"iteration":508,"passed_time":0.2981007801,"remaining_time":0.2875589058},
{"learn":[5.098200487],"iteration":509,"passed_time":0.2986516677,"remaining_time":0.2869398376},
{"learn":[5.096987159],"iteration":510,"passed_time":0.2991946203,"remaining_time":0.2863134429},
{"learn":[5.095461047],"iteration":511,"passed_time":0.2997491348,"remaining_time":0.2856983941},
{"learn":[5.093321403],"iteration":512,"passed_time":0.3004435052,"remaining_time":0.285216349},
{"learn":[5.092173103],"iteration":513,"passed_time":0.301031303,"remaining_time":0.2846327106},
{"learn":[5.090485771],"iteration":514,"passed_time":0.3016656597,"remaining_time":0.2840929028},
{"learn":[5.089665378],"iteration":515,"passed_time":0.3021463438,"remaining_time":0.283408586},
{"learn":[5.088513038],"iteration":516,"passed_time":0.3027449819,"remaining_time":0.2828352538},
{"learn":[5.086058856],"iteration":517,"passed_time":0.3033297539,"remaining_time":0.2822489216},
{"learn":[5.084630135],"iteration":518,"passed_time":0.3039253769,"remaining_time":0.2816726518},
{"learn":[5.083053846],"iteration":519,"passed_time":0.3044636806,"remaining_time":0.2810433974},
{"learn":[5.081425781],"iteration":520,"passed_time":0.3050048694,"remaining_time":0.2804171448},
{"learn":[5.079211845],"iteration":521,"passed_time":0.3059334252,"remaining_time":0.2801459334},
{"learn":[5.077752697],"iteration":522,"passed_time":0.3064951534,"remaining_time":0.2795376447},
{"learn":[5.077425261],"iteration":523,"passed_time":0.30685078,"remaining_time":0.2787423116},
{"learn":[5.075789768],"iteration":524,"passed_time":0.307484435,"remaining_time":0.2782002031},
{"learn":[5.07390962],"iteration":525,"passed_time":0.3081114471,"remaining_time":0.2776517603},
{"learn":[5.0724629],"iteration":526,"passed_time":0.308739822,"remaining_time":0.2771042426},
{"learn":[5.070737898],"iteration":527,"passed_time":0.3092926333,"remaining_time":0.2764888692},
{"learn":[5.069722177],"iteration":528,"passed_time":0.3098937164,"remaining_time":0.2759167115},
{"learn":[5.067838386],"iteration":529,"passed_time":0.3105430855,"remaining_time":0.2753872645},
{"learn":[5.066707585],"iteration":530,"passed_time":0.3111609656,"remaining_time":0.2748295535},
{"learn":[5.065863817],"iteration":531,"passed_time":0.3118049952,"remaining_time":0.2742946199},
{"learn":[5.064462359],"iteration":532,"passed_time":0.3123935945,"remaining_time":0.2737107104},
{"learn":[5.063405401],"iteration":533,"passed_time":0.3130240034,"remaining_time":0.2731632689},
{"learn":[5.062079861],"iteration":534,"passed_time":0.3136547228,"remaining_time":0.2726157871},
{"learn":[5.059642102],"iteration":535,"passed_time":0.3142129346,"remaining_time":0.272005227},
{"learn":[5.058892055],"iteration":536,"passed_time":0.314726872,"remaining_time":0.2713566885},
{"learn":[5.058243836],"iteration":537,"passed_time":0.3153453681,"remaining_time":0.2707984388},
{"learn":[5.056889376],"iteration":538,"passed_time":0.3159553278,"remaining_time":0.2702326644},
{"learn":[5.055231136],"iteration":539,"passed_time":0.3165555094,"remaining_time":0.2696583969},
{"learn":[5.05438993],"iteration":540,"passed_time":0.3171040225,"remaining_time":0.2690401965},
{"learn":[5.052572355],"iteration":541,"passed_time":0.3176542786,"remaining_time":0.2684237262},
{"learn":[5.051087471],"iteration":542,"passed_time":0.3182833249,"remaining_time":0.2678738112},
{"learn":[5.049979839],"iteration":543,"passed_time":0.3188450333,"remaining_time":0.2672671603},
{"learn":[5.048024014],"iteration":544,"passed_time":0.3194566665,"remaining_time":0.2667023546},
{"learn":[5.046097435],"iteration":545,"passed_time":0.3201621681,"remaining_time":0.2662154291},
{"learn":[5.045278546],"iteration":546,"passed_time":0.3207745022,"remaining_time":0.2656505476},
{"learn":[5.04355821],"iteration":547,"passed_time":0.3213313014,"remaining_time":0.2650396865},
{"learn":[5.042245973],"iteration":548,"passed_time":0.3219784921,"remaining_time":0.2645032786},
{"learn":[5.0408828],"iteration":549,"passed_time":0.3227001442,"remaining_time":0.2640273907},
{"learn":[5.040380126],"iteration":550,"passed_time":0.3232372659,"remaining_time":0.2634002403},
{"learn":[5.039539406],"iteration":551,"passed_time":0.3238984029,"remaining_time":0.2628740661},
{"learn":[5.038874505],"iteration":552,"passed_time":0.3243208562,"remaining_time":0.2621544715},
{"learn":[5.037763337],"iteration":553,"passed_time":0.324920577,"remaining_time":0.2615786595},
{"learn":[5.03681938],"iteration":554,"passed_time":0.3254786079,"remaining_time":0.2609693342},
{"learn":[5.034872817],"iteration":555,"passed_time":0.3261081751,"remaining_time":0.2604173197},
{"learn":[5.033827892],"iteration":556,"passed_time":0.3266895158,"remaining_time":0.2598266705},
{"learn":[5.032963703],"iteration":557,"passed_time":0.327235484,"remaining_time":0.2592080357},
{"learn":[5.032047222],"iteration":558,"passed_time":0.3278264181,"remaining_time":0.2586251348},
{"learn":[5.030802381],"iteration":559,"passed_time":0.3284535956,"remaining_time":0.2580706823},
{"learn":[5.02955863],"iteration":560,"passed_time":0.3290314645,"remaining_time":0.2574773849},
{"learn":[5.029058028],"iteration":561,"passed_time":0.3296169279,"remaining_time":0.2568900612},
{"learn":[5.028313535],"iteration":562,"passed_time":0.3301747286,"remaining_time":0.2562812725},
{"learn":[5.027474795],"iteration":563,"passed_time":0.3307721848,"remaining_time":0.2557033202},
{"learn":[5.026811979],"iteration":564,"passed_time":0.331361139,"remaining_time":0.2551187531},
{"learn":[5.025734174],"iteration":565,"passed_time":0.3320139505,"remaining_time":0.2545831352},
{"learn":[5.024537601],"iteration":566,"passed_time":0.3326439087,"remaining_time":0.2540296516},
{"learn":[5.02327205],"iteration":567,"passed_time":0.3331927124,"remaining_time":0.2534141756},
{"learn":[5.022706067],"iteration":568,"passed_time":0.3337626963,"remaining_time":0.2528149773},
{"learn":[5.021764991],"iteration":569,"passed_time":0.3343224007,"remaining_time":0.2522081268},
{"learn":[5.020894478],"iteration":570,"passed_time":0.3348952598,"remaining_time":0.2516113248},
{"learn":[5.019195082],"iteration":571,"passed_time":0.335506432,"remaining_time":0.2510432743},
{"learn":[5.018133205],"iteration":572,"passed_time":0.3360921862,"remaining_time":0.2504561318},
{"learn":[5.017330738],"iteration":573,"passed_time":0.3366477524,"remaining_time":0.2498465898},
{"learn":[5.015448407],"iteration":574,"passed_time":0.3372244892,"remaining_time":0.2492528833},
{"learn":[5.014515821],"iteration":575,"passed_time":0.3377743451,"remaining_time":0.2486394485},
{"learn":[5.012598766],"iteration":576,"passed_time":0.3383571234,"remaining_time":0.2480503695},
{"learn":[5.011487925],"iteration":577,"passed_time":0.3389811097,"remaining_time":0.2474913984},
{"learn":[5.010840592],"iteration":578,"passed_time":0.3395450925,"remaining_time":0.2468885733},
{"learn":[5.008792544],"iteration":579,"passed_time":0.3402350145,"remaining_time":0.2463770795},
{"learn":[5.007258746],"iteration":580,"passed_time":0.3407577082,"remaining_time":0.2457443713},
{"learn":[5.005810383],"iteration":581,"passed_time":0.3413180137,"remaining_time":0.2451390545},
{"learn":[5.004177917],"iteration":582,"passed_time":0.3418915043,"remaining_time":0.244543323},
{"learn":[5.003504776],"iteration":583,"passed_time":0.3424052015,"remaining_time":0.243905075},
{"learn":[5.002245041],"iteration":584,"passed_time":0.343095053,"remaining_time":0.2433922171},
{"learn":[5.001280607],"iteration":585,"passed_time":0.3436446782,"remaining_time":0.2427796874},
{"learn":[5.000344694],"iteration":586,"passed_time":0.3442216457,"remaining_time":0.2421866094},
{"learn":[4.999020539],"iteration":587,"passed_time":0.344800887,"remaining_time":0.2415951793},
{"learn":[4.99733548],"iteration":588,"passed_time":0.3454180609,"remaining_time":0.2410302598},
{"learn":[4.996033756],"iteration":589,"passed_time":0.3460414761,"remaining_time":0.2404695004},
{"learn":[4.994929282],"iteration":590,"passed_time":0.3465990765,"remaining_time":0.2398629819},
{"learn":[4.993431306],"iteration":591,"passed_time":0.3471929859,"remaining_time":0.2392816525},
{"learn":[4.991819478],"iteration":592,"passed_time":0.3477815251,"remaining_time":0.2386965948},
{"learn":[4.99131364],"iteration":593,"passed_time":0.3481165222,"remaining_time":0.237938229},
{"learn":[4.99060663],"iteration":594,"passed_time":0.3487060135,"remaining_time":0.2373545134},
{"learn":[4.990061557],"iteration":595,"passed_time":0.3492885914,"remaining_time":0.2367660921},
{"learn":[4.9896244],"iteration":596,"passed_time":0.3498906763,"remaining_time":0.2361908586},
{"learn":[4.988514613],"iteration":597,"passed_time":0.3504414237,"remaining_time":0.2355810239},
{"learn":[4.987677978],"iteration":598,"passed_time":0.3510725736,"remaining_time":0.2350252121},
{"learn":[4.986164272],"iteration":599,"passed_time":0.3517591192,"remaining_time":0.2345060795},
{"learn":[4.984628905],"iteration":600,"passed_time":0.3525234928,"remaining_time":0.2340380593},
{"learn":[4.983197103],"iteration":601,"passed_time":0.3531485114,"remaining_time":0.2334769228},
{"learn":[4.981333471],"iteration":602,"passed_time":0.3538878273,"remaining_time":0.2329908249},
{"learn":[4.98007316],"iteration":603,"passed_time":0.3545392813,"remaining_time":0.2324462838},
{"learn":[4.978974063],"iteration":604,"passed_time":0.355112246,"remaining_time":0.2318501441},
{"learn":[4.977702141],"iteration":605,"passed_time":0.3556956455,"remaining_time":0.2312608652},
{"learn":[4.976255974],"iteration":606,"passed_time":0.3563098435,"remaining_time":0.2306915461},
{"learn":[4.975251208],"iteration":607,"passed_time":0.356871742,"remaining_time":0.23008836},
{"learn":[4.973989767],"iteration":608,"passed_time":0.3574585279,"remaining_time":0.229501288},
{"learn":[4.972632578],"iteration":609,"passed_time":0.3580225204,"remaining_time":0.2288996442},
{"learn":[4.971085642],"iteration":610,"passed_time":0.3586352857,"remaining_time":0.2283291753},
{"learn":[4.970106708],"iteration":611,"passed_time":0.3592018428,"remaining_time":0.2277292729},
{"learn":[4.9688914],"iteration":612,"passed_time":0.3597950308,"remaining_time":0.2271462919},
{"learn":[4.967724579],"iteration":613,"passed_time":0.3603737113,"remaining_time":0.2265541573},
{"learn":[4.967276108],"iteration":614,"passed_time":0.3609044909,"remaining_time":0.2259320797},
{"learn":[4.966406607],"iteration":615,"passed_time":0.3615080788,"remaining_time":0.2253556855},
{"learn":[4.96556499],"iteration":616,"passed_time":0.3620826514,"remaining_time":0.224761192},
{"learn":[4.964831578],"iteration":617,"passed_time":0.3626631951,"remaining_time":0.2241704539},
{"learn":[4.962701862],"iteration":618,"passed_time":0.3632014891,"remaining_time":0.2235537437},
{"learn":[4.961873227],"iteration":619,"passed_time":0.3638881849,"remaining_time":0.2230282424},
{"learn":[4.960679044],"iteration":620,"passed_time":0.3644901096,"remaining_time":0.2224504856},
{"learn":[4.959859682],"iteration":621,"passed_time":0.3651118817,"remaining_time":0.2218847127},
{"learn":[4.958555177],"iteration":622,"passed_time":0.3657192667,"remaining_time":0.2213100539},
{"learn":[4.957338636],"iteration":623,"passed_time":0.3663097597,"remaining_time":0.2207251116},
{"learn":[4.956364146],"iteration":624,"passed_time":0.3668821533,"remaining_time":0.220129292},
{"learn":[4.955124366],"iteration":625,"passed_time":0.3674550176,"remaining_time":0.2195338284},
{"learn":[4.954042374],"iteration":626,"passed_time":0.3680403309,"remaining_time":0.2189458428},
{"learn":[4.952196592],"iteration":627,"passed_time":0.3685949657,"remaining_time":0.218339693},
{"learn":[4.950970368],"iteration":628,"passed_time":0.3691719726,"remaining_time":0.2177469028},
{"learn":[4.950206105],"iteration":629,"passed_time":0.3697766128,"remaining_time":0.2171703916},
{"learn":[4.949231955],"iteration":630,"passed_time":0.3704622466,"remaining_time":0.2166411553},
{"learn":[4.947619852],"iteration":631,"passed_time":0.3710262592,"remaining_time":0.2160406066},
{"learn":[4.946174882],"iteration":632,"passed_time":0.3715587518,"remaining_time":0.2154218988},
{"learn":[4.943997068],"iteration":633,"passed_time":0.3721247181,"remaining_time":0.2148227868},
{"learn":[4.942712275],"iteration":634,"passed_time":0.3726870474,"remaining_time":0.2142216887},
{"learn":[4.941127178],"iteration":635,"passed_time":0.3732230668,"remaining_time":0.2136056546},
{"learn":[4.940314261],"iteration":636,"passed_time":0.3738069972,"remaining_time":0.2130171742},
{"learn":[4.939018032],"iteration":637,"passed_time":0.3743567126,"remaining_time":0.2124092946},
{"learn":[4.938437544],"iteration":638,"passed_time":0.3749552007,"remaining_time":0.211829151},
{"learn":[4.937603213],"iteration":639,"passed_time":0.3755298936,"remaining_time":0.2112355651},
{"learn":[4.936284034],"iteration":640,"passed_time":0.376092103,"remaining_time":0.2106350468},
{"learn":[4.93553121],"iteration":641,"passed_time":0.3766752116,"remaining_time":0.2100463018},
{"learn":[4.934078286],"iteration":642,"passed_time":0.3772572384,"remaining_time":0.2094569737},
{"learn":[4.932451832],"iteration":643,"passed_time":0.3778996801,"remaining_time":0.2089010654},
{"learn":[4.931118643],"iteration":644,"passed_time":0.3784924875,"remaining_time":0.2083175706},
{"learn":[4.929765939],"iteration":645,"passed_time":0.3790903544,"remaining_time":0.2077368196},
{"learn":[4.929550134],"iteration":646,"passed_time":0.3795107939,"remaining_time":0.2070592121},
{"learn":[4.928424779],"iteration":647,"passed_time":0.3800979705,"remaining_time":0.2064729717},
{"learn":[4.927183289],"iteration":648,"passed_time":0.380699284,"remaining_time":0.205894374},
{"learn":[4.926431439],"iteration":649,"passed_time":0.3812393811,"remaining_time":0.2052827437},
{"learn":[4.92598347],"iteration":650,"passed_time":0.3817029226,"remaining_time":0.2046302919},
{"learn":[4.9248086],"iteration":651,"passed_time":0.3823201464,"remaining_time":0.2040604462},
{"learn":[4.923623279],"iteration":652,"passed_time":0.3829311134,"remaining_time":0.2034871307},
{"learn":[4.92207644],"iteration":653,"passed_time":0.383518866,"remaining_time":0.2029014184},
{"learn":[4.920834335],"iteration":654,"passed_time":0.3841390356,"remaining_time":0.2023327745},
{"learn":[4.919426377],"iteration":655,"passed_time":0.3847637436,"remaining_time":0.2017663534},
{"learn":[4.918207664],"iteration":656,"passed_time":0.3853383764,"remaining_time":0.201173612},
{"learn":[4.917486643],"iteration":657,"passed_time":0.3858930909,"remaining_time":0.2005705731},
{"learn":[4.916665258],"iteration":658,"passed_time":0.3864697475,"remaining_time":0.1999790348},
{"learn":[4.915461627],"iteration":659,"passed_time":0.3870280596,"remaining_time":0.1993780913},
{"learn":[4.914823461],"iteration":660,"passed_time":0.3875969915,"remaining_time":0.1987827233},
{"learn":[4.914048797],"iteration":661,"passed_time":0.3881446627,"remaining_time":0.19817658},
{"learn":[4.913511261],"iteration":662,"passed_time":0.3887515468,"remaining_time":0.1976007108},
{"learn":[4.911919115],"iteration":663,"passed_time":0.3893659251,"remaining_time":0.1970285404},
{"learn":[4.910871969],"iteration":664,"passed_time":0.3899493346,"remaining_time":0.1964406422},
{"learn":[4.90950053],"iteration":665,"passed_time":0.3905293579,"remaining_time":0.1958510594},
{"learn":[4.908501919],"iteration":666,"passed_time":0.3911079281,"remaining_time":0.1952607797},
{"learn":[4.907790497],"iteration":667,"passed_time":0.3917109947,"remaining_time":0.1946827099},
{"learn":[4.90681902],"iteration":668,"passed_time":0.3922950596,"remaining_time":0.194095164},
{"learn":[4.905987141],"iteration":669,"passed_time":0.3928484119,"remaining_time":0.1934925014},
{"learn":[4.905507147],"iteration":670,"passed_time":0.3933203096,"remaining_time":0.1928500475},
{"learn":[4.904255705],"iteration":671,"passed_time":0.393901775,"remaining_time":0.1922615807},
{"learn":[4.903116942],"iteration":672,"passed_time":0.3944708976,"remaining_time":0.1916671375},
{"learn":[4.901741918],"iteration":673,"passed_time":0.3950316039,"remaining_time":0.1910686986},
{"learn":[4.900500005],"iteration":674,"passed_time":0.3956920796,"remaining_time":0.1905184087},
{"learn":[4.899708124],"iteration":675,"passed_time":0.3963623986,"remaining_time":0.1899725106},
{"learn":[4.898467877],"iteration":676,"passed_time":0.3970948973,"remaining_time":0.1894559111},
{"learn":[4.897170276],"iteration":677,"passed_time":0.3977576376,"remaining_time":0.1889055447},
{"learn":[4.895792979],"iteration":678,"passed_time":0.3983193157,"remaining_time":0.1883070697},
{"learn":[4.894608292],"iteration":679,"passed_time":0.3990220521,"remaining_time":0.1877750833},
{"learn":[4.893450432],"iteration":680,"passed_time":0.3996378431,"remaining_time":0.1872018678},
{"learn":[4.892357215],"iteration":681,"passed_time":0.4002719289,"remaining_time":0.1866370578},
{"learn":[4.891355905],"iteration":682,"passed_time":0.4009436105,"remaining_time":0.1860894942},
{"learn":[4.890231057],"iteration":683,"passed_time":0.4016382223,"remaining_time":0.1855521612},
{"learn":[4.88915459],"iteration":684,"passed_time":0.4022770074,"remaining_time":0.1849886968},
{"learn":[4.88820186],"iteration":685,"passed_time":0.4028692433,"remaining_time":0.1844037061},
{"learn":[4.887558208],"iteration":686,"passed_time":0.4034520419,"remaining_time":0.1838143946},
{"learn":[4.886658413],"iteration":687,"passed_time":0.4040161844,"remaining_time":0.1832166418},
{"learn":[4.885795995],"iteration":688,"passed_time":0.4046125889,"remaining_time":0.1826335488},
{"learn":[4.884995331],"iteration":689,"passed_time":0.40519689,"remaining_time":0.1820449796},
{"learn":[4.883886515],"iteration":690,"passed_time":0.4058101462,"remaining_time":0.1814693707},
{"learn":[4.883517879],"iteration":691,"passed_time":0.4064106782,"remaining_time":0.1808879897},
{"learn":[4.882546531],"iteration":692,"passed_time":0.40701651,"remaining_time":0.1803089013},
{"learn":[4.881153605],"iteration":693,"passed_time":0.4075699826,"remaining_time":0.1797066494},
{"learn":[4.880336108],"iteration":694,"passed_time":0.4081383036,"remaining_time":0.1791110541},
{"learn":[4.879083623],"iteration":695,"passed_time":0.4086837606,"remaining_time":0.1785055506},
{"learn":[4.878103525],"iteration":696,"passed_time":0.409370066,"remaining_time":0.1779614491},
{"learn":[4.877607817],"iteration":697,"passed_time":0.4100178075,"remaining_time":0.1774002548},
{"learn":[4.876618036],"iteration":698,"passed_time":0.4106602896,"remaining_time":0.1768365482},
{"learn":[4.876118675],"iteration":699,"passed_time":0.4112174191,"remaining_time":0.1762360367},
{"learn":[4.875626887],"iteration":700,"passed_time":0.4118224096,"remaining_time":0.1756560634},
{"learn":[4.873813669],"iteration":701,"passed_time":0.4124518963,"remaining_time":0.1750864175},
{"learn":[4.873217563],"iteration":702,"passed_time":0.4130833772,"remaining_time":0.1745174438},
{"learn":[4.871938725],"iteration":703,"passed_time":0.4137198275,"remaining_time":0.173950382},
{"learn":[4.87093555],"iteration":704,"passed_time":0.4143350979,"remaining_time":0.1733742608},
{"learn":[4.870552536],"iteration":705,"passed_time":0.4149501371,"remaining_time":0.1727979325},
{"learn":[4.869732832],"iteration":706,"passed_time":0.4155430346,"remaining_time":0.1722123185},
{"learn":[4.868625552],"iteration":707,"passed_time":0.4161130085,"remaining_time":0.1716172295},
{"learn":[4.8671025],"iteration":708,"passed_time":0.4166590973,"remaining_time":0.1710124081},
{"learn":[4.866043181],"iteration":709,"passed_time":0.417250662,"remaining_time":0.1704263267},
{"learn":[4.865602307],"iteration":710,"passed_time":0.4177641785,"remaining_time":0.1698085058},
{"learn":[4.864579579],"iteration":711,"passed_time":0.4183359458,"remaining_time":0.1692145399},
{"learn":[4.863335689],"iteration":712,"passed_time":0.4189512559,"remaining_time":0.1686381633},
{"learn":[4.862101239],"iteration":713,"passed_time":0.4194998395,"remaining_time":0.1680349497},
{"learn":[4.861442477],"iteration":714,"passed_time":0.4201257294,"remaining_time":0.1674627033},
{"learn":[4.860773381],"iteration":715,"passed_time":0.4206615383,"remaining_time":0.1668545767},
{"learn":[4.859548651],"iteration":716,"passed_time":0.4211850539,"remaining_time":0.1662417995},
{"learn":[4.858352529],"iteration":717,"passed_time":0.4217954046,"remaining_time":0.1656633762},
{"learn":[4.857392666],"iteration":718,"passed_time":0.4223722719,"remaining_time":0.165071778},
{"learn":[4.856075737],"iteration":719,"passed_time":0.4229079706,"remaining_time":0.1644642108},
{"learn":[4.855160442],"iteration":720,"passed_time":0.4235276086,"remaining_time":0.1638893243},
{"learn":[4.854509639],"iteration":721,"passed_time":0.4240370274,"remaining_time":0.1632718748},
{"learn":[4.85382735],"iteration":722,"passed_time":0.4246538604,"remaining_time":0.1626958774},
{"learn":[4.852887966],"iteration":723,"passed_time":0.4251981257,"remaining_time":0.1620921032},
{"learn":[4.852092297],"iteration":724,"passed_time":0.4257564371,"remaining_time":0.161493821},
{"learn":[4.850910464],"iteration":725,"passed_time":0.4263388146,"remaining_time":0.1609047317},
{"learn":[4.850089342],"iteration":726,"passed_time":0.4269657423,"remaining_time":0.1603323902},
{"learn":[4.848667665],"iteration":727,"passed_time":0.4276421131,"remaining_time":0.1597783719},
{"learn":[4.847845515],"iteration":728,"passed_time":0.4281896743,"remaining_time":0.1591761341},
{"learn":[4.846709388],"iteration":729,"passed_time":0.4287453261,"remaining_time":0.1585770384},
{"learn":[4.845840874],"iteration":730,"passed_time":0.4293090882,"remaining_time":0.1579810462},
{"learn":[4.844659451],"iteration":731,"passed_time":0.4299309208,"remaining_time":0.1574064027},
{"learn":[4.843045012],"iteration":732,"passed_time":0.4304707072,"remaining_time":0.1568017447},
{"learn":[4.842306456],"iteration":733,"passed_time":0.4310461115,"remaining_time":0.1562101712},
{"learn":[4.841128005],"iteration":734,"passed_time":0.4316332183,"remaining_time":0.155622861},
{"learn":[4.840171506],"iteration":735,"passed_time":0.4322377175,"remaining_time":0.15504179},
{"learn":[4.838834781],"iteration":736,"passed_time":0.4328366264,"remaining_time":0.1544586605},
{"learn":[4.837307353],"iteration":737,"passed_time":0.4334354252,"remaining_time":0.153875449},
{"learn":[4.836721985],"iteration":738,"passed_time":0.4339585099,"remaining_time":0.1532654548},
{"learn":[4.835434434],"iteration":739,"passed_time":0.4345539823,"remaining_time":0.1526811289},
{"learn":[4.834207756],"iteration":740,"passed_time":0.4351273569,"remaining_time":0.1520890492},
{"learn":[4.833443742],"iteration":741,"passed_time":0.4357218775,"remaining_time":0.1515043725},
{"learn":[4.832870765],"iteration":742,"passed_time":0.4362603515,"remaining_time":0.1509002831},
{"learn":[4.8312378],"iteration":743,"passed_time":0.4368298344,"remaining_time":0.1503070398},
{"learn":[4.830062237],"iteration":744,"passed_time":0.4373955001,"remaining_time":0.1497125537},
{"learn":[4.828777448],"iteration":745,"passed_time":0.4379499445,"remaining_time":0.1491143243},
{"learn":[4.828047391],"iteration":746,"passed_time":0.4385479217,"remaining_time":0.1485309561},
{"learn":[4.827520264],"iteration":747,"passed_time":0.4391183616,"remaining_time":0.1479382716},
{"learn":[4.825944838],"iteration":748,"passed_time":0.4397468868,"remaining_time":0.1473651116},
{"learn":[4.825257983],"iteration":749,"passed_time":0.4403161193,"remaining_time":0.1467720398},
{"learn":[4.824519712],"iteration":750,"passed_time":0.4409124937,"remaining_time":0.1461880305},
{"learn":[4.823861052],"iteration":751,"passed_time":0.4414209604,"remaining_time":0.1455749976},
{"learn":[4.823509339],"iteration":752,"passed_time":0.4420147496,"remaining_time":0.1449902299},
{"learn":[4.822770266],"iteration":753,"passed_time":0.4426635834,"remaining_time":0.1444233972},
{"learn":[4.822035821],"iteration":754,"passed_time":0.4432013461,"remaining_time":0.1438203044},
{"learn":[4.821532075],"iteration":755,"passed_time":0.4437914425,"remaining_time":0.1432342751},
{"learn":[4.820390576],"iteration":756,"passed_time":0.4443388092,"remaining_time":0.1426345187},
{"learn":[4.81904874],"iteration":757,"passed_time":0.444940814,"remaining_time":0.1420523443},
{"learn":[4.817726388],"iteration":758,"passed_time":0.4455022368,"remaining_time":0.141457232},
{"learn":[4.816986996],"iteration":759,"passed_time":0.4460994673,"remaining_time":0.140873516},
{"learn":[4.815313549],"iteration":760,"passed_time":0.4467138399,"remaining_time":0.1402951481},
{"learn":[4.814320418],"iteration":761,"passed_time":0.4472924059,"remaining_time":0.1397055021},
{"learn":[4.812922893],"iteration":762,"passed_time":0.4479022799,"remaining_time":0.1391256099},
{"learn":[4.812436018],"iteration":763,"passed_time":0.4485335103,"remaining_time":0.1385522362},
{"learn":[4.811539197],"iteration":764,"passed_time":0.4491593004,"remaining_time":0.13797704},
{"learn":[4.810488455],"iteration":765,"passed_time":0.4497765842,"remaining_time":0.1373991132},
{"learn":[4.809854492],"iteration":766,"passed_time":0.4503503854,"remaining_time":0.1368078746},
{"learn":[4.809253261],"iteration":767,"passed_time":0.4509340453,"remaining_time":0.1362196595},
{"learn":[4.808110821],"iteration":768,"passed_time":0.4514984386,"remaining_time":0.1356256688},
{"learn":[4.807056457],"iteration":769,"passed_time":0.4520376537,"remaining_time":0.1350242342},
{"learn":[4.805783138],"iteration":770,"passed_time":0.452723869,"remaining_time":0.1344666226},
{"learn":[4.804577939],"iteration":771,"passed_time":0.4532443588,"remaining_time":0.1338597329},
{"learn":[4.803808703],"iteration":772,"passed_time":0.4537668424,"remaining_time":0.1332536523},
{"learn":[4.802776367],"iteration":773,"passed_time":0.4543477768,"remaining_time":0.1326648547},
{"learn":[4.801633905],"iteration":774,"passed_time":0.4549392419,"remaining_time":0.1320791347},
{"learn":[4.800975588],"iteration":775,"passed_time":0.4556219201,"remaining_time":0.1315197295},
{"learn":[4.800255174],"iteration":776,"passed_time":0.4562382218,"remaining_time":0.1309409568},
{"learn":[4.79909934],"iteration":777,"passed_time":0.4568004009,"remaining_time":0.130346644},
{"learn":[4.798225036],"iteration":778,"passed_time":0.4574441952,"remaining_time":0.1297755676},
{"learn":[4.797507015],"iteration":779,"passed_time":0.4580997369,"remaining_time":0.1292076181},
{"learn":[4.796933332],"iteration":780,"passed_time":0.4587515465,"remaining_time":0.1286383978},
{"learn":[4.79586742],"iteration":781,"passed_time":0.4593407269,"remaining_time":0.128051507},
{"learn":[4.795451783],"iteration":782,"passed_time":0.4599137666,"remaining_time":0.1274601371},
{"learn":[4.794797142],"iteration":783,"passed_time":0.4604944008,"remaining_time":0.1268709063},
{"learn":[4.793705566],"iteration":784,"passed_time":0.4610401687,"remaining_time":0.1262721481},
{"learn":[4.792759312],"iteration":785,"passed_time":0.4615908459,"remaining_time":0.1256748613},
{"learn":[4.791598082],"iteration":786,"passed_time":0.4621534057,"remaining_time":0.125080909},
{"learn":[4.790919],"iteration":787,"passed_time":0.4626743563,"remaining_time":0.1244758421},
{"learn":[4.789942961],"iteration":788,"passed_time":0.463221713,"remaining_time":0.12387805},
{"learn":[4.789044195],"iteration":789,"passed_time":0.463815392,"remaining_time":0.1232926991},
{"learn":[4.788222307],"iteration":790,"passed_time":0.4645089412,"remaining_time":0.1227337152},
{"learn":[4.787179438],"iteration":791,"passed_time":0.4651574043,"remaining_time":0.1221625506},
{"learn":[4.785796889],"iteration":792,"passed_time":0.4657046854,"remaining_time":0.1215647792},
{"learn":[4.784978586],"iteration":793,"passed_time":0.4662744689,"remaining_time":0.120972973},
{"learn":[4.783931507],"iteration":794,"passed_time":0.4668143255,"remaining_time":0.1203735053},
{"learn":[4.783050417],"iteration":795,"passed_time":0.4673860528,"remaining_time":0.1197823552},
{"learn":[4.782095939],"iteration":796,"passed_time":0.4679491536,"remaining_time":0.1191890567},
{"learn":[4.781092398],"iteration":797,"passed_time":0.4684949315,"remaining_time":0.1185914488},
{"learn":[4.78038478],"iteration":798,"passed_time":0.4690870372,"remaining_time":0.1180056251},
{"learn":[4.779495884],"iteration":799,"passed_time":0.4696662389,"remaining_time":0.1174165597},
{"learn":[4.778088102],"iteration":800,"passed_time":0.4702130788,"remaining_time":0.116819479},
{"learn":[4.777100815],"iteration":801,"passed_time":0.4707692264,"remaining_time":0.1162248215},
{"learn":[4.775873234],"iteration":802,"passed_time":0.4713790161,"remaining_time":0.1156434199},
{"learn":[4.775018177],"iteration":803,"passed_time":0.4719370272,"remaining_time":0.115049325},
{"learn":[4.77324769],"iteration":804,"passed_time":0.4725056986,"remaining_time":0.1144579022},
{"learn":[4.772533862],"iteration":805,"passed_time":0.4731151676,"remaining_time":0.1138763555},
{"learn":[4.771615271],"iteration":806,"passed_time":0.4736687704,"remaining_time":0.1132813788},
{"learn":[4.770235806],"iteration":807,"passed_time":0.4742412491,"remaining_time":0.1126909899},
{"learn":[4.768471627],"iteration":808,"passed_time":0.4748218729,"remaining_time":0.1121025683},
{"learn":[4.767868234],"iteration":809,"passed_time":0.4753424028,"remaining_time":0.1115000698},
{"learn":[4.76661103],"iteration":810,"passed_time":0.4759019572,"remaining_time":0.110906868},
{"learn":[4.766250397],"iteration":811,"passed_time":0.476520423,"remaining_time":0.1103273886},
{"learn":[4.764828654],"iteration":812,"passed_time":0.4771496948,"remaining_time":0.1097502988},
{"learn":[4.763490763],"iteration":813,"passed_time":0.4778458787,"remaining_time":0.1091883703},
{"learn":[4.762632856],"iteration":814,"passed_time":0.4785719094,"remaining_time":0.1086328874},
{"learn":[4.762001017],"iteration":815,"passed_time":0.4791848902,"remaining_time":0.1080514949},
{"learn":[4.761426003],"iteration":816,"passed_time":0.4798885775,"remaining_time":0.1074903423},
{"learn":[4.760728276],"iteration":817,"passed_time":0.4805597138,"remaining_time":0.1069215989},
{"learn":[4.758978094],"iteration":818,"passed_time":0.4812152103,"remaining_time":0.106349149},
{"learn":[4.75789429],"iteration":819,"passed_time":0.481880225,"remaining_time":0.105778586},
{"learn":[4.756812862],"iteration":820,"passed_time":0.4824381059,"remaining_time":0.1051844348},
{"learn":[4.755653334],"iteration":821,"passed_time":0.4829983713,"remaining_time":0.1045908882},
{"learn":[4.755371113],"iteration":822,"passed_time":0.4835928618,"remaining_time":0.1040047832},
{"learn":[4.754395632],"iteration":823,"passed_time":0.4842251142,"remaining_time":0.1034267234},
{"learn":[4.753948598],"iteration":824,"passed_time":0.4848170198,"remaining_time":0.1028399739},
{"learn":[4.753191259],"iteration":825,"passed_time":0.4854188042,"remaining_time":0.1022552929},
{"learn":[4.752484515],"iteration":826,"passed_time":0.4859779976,"remaining_time":0.1016616609},
{"learn":[4.751961809],"iteration":827,"passed_time":0.4865954618,"remaining_time":0.1010802167},
{"learn":[4.751004071],"iteration":828,"passed_time":0.4873113331,"remaining_time":0.1005189843},
{"learn":[4.750629821],"iteration":829,"passed_time":0.4878937908,"remaining_time":0.09993005353},
{"learn":[4.749349594],"iteration":830,"passed_time":0.488452393,"remaining_time":0.09933628691},
{"learn":[4.748121568],"iteration":831,"passed_time":0.4890503602,"remaining_time":0.09875055349},
{"learn":[4.746945354],"iteration":832,"passed_time":0.489596489,"remaining_time":0.09815439816},
{"learn":[4.746045906],"iteration":833,"passed_time":0.4901797482,"remaining_time":0.09756575324},
{"learn":[4.744337748],"iteration":834,"passed_time":0.4907327598,"remaining_time":0.09697114416},
{"learn":[4.742751976],"iteration":835,"passed_time":0.4912828857,"remaining_time":0.09637606848},
{"learn":[4.741222505],"iteration":836,"passed_time":0.4918965329,"remaining_time":0.09579347057},
{"learn":[4.740476259],"iteration":837,"passed_time":0.4924364794,"remaining_time":0.09519655092},
{"learn":[4.739863366],"iteration":838,"passed_time":0.4930010631,"remaining_time":0.09460449482},
{"learn":[4.739215905],"iteration":839,"passed_time":0.4935429038,"remaining_time":0.09400817215},
{"learn":[4.738874761],"iteration":840,"passed_time":0.4940611891,"remaining_time":0.09340752564},
{"learn":[4.737969995],"iteration":841,"passed_time":0.4945984708,"remaining_time":0.09281063942},
{"learn":[4.737419696],"iteration":842,"passed_time":0.4952207745,"remaining_time":0.09222972907},
{"learn":[4.735304565],"iteration":843,"passed_time":0.4958372669,"remaining_time":0.09164764649},
{"learn":[4.734448843],"iteration":844,"passed_time":0.4963753301,"remaining_time":0.09105109606},
{"learn":[4.733191105],"iteration":845,"passed_time":0.4969493721,"remaining_time":0.09046123321},
{"learn":[4.732424282],"iteration":846,"passed_time":0.497552659,"remaining_time":0.08987669047},
{"learn":[4.732018489],"iteration":847,"passed_time":0.4980993389,"remaining_time":0.08928195697},
{"learn":[4.731013046],"iteration":848,"passed_time":0.4987053213,"remaining_time":0.088697884},
{"learn":[4.730394633],"iteration":849,"passed_time":0.4992959244,"remaining_time":0.08811104549},
{"learn":[4.728438281],"iteration":850,"passed_time":0.4998179869,"remaining_time":0.08751219747},
{"learn":[4.72801872],"iteration":851,"passed_time":0.5003909765,"remaining_time":0.08692237621},
{"learn":[4.727254367],"iteration":852,"passed_time":0.5009338592,"remaining_time":0.08632740599},
{"learn":[4.726479159],"iteration":853,"passed_time":0.5014869106,"remaining_time":0.0857342962},
{"learn":[4.725495013],"iteration":854,"passed_time":0.5020892364,"remaining_time":0.08514963658},
{"learn":[4.724537391],"iteration":855,"passed_time":0.5026429894,"remaining_time":0.08455676458},
{"learn":[4.723906641],"iteration":856,"passed_time":0.5031805817,"remaining_time":0.08396128727},
{"learn":[4.723324869],"iteration":857,"passed_time":0.5037089963,"remaining_time":0.08336442596},
{"learn":[4.722501877],"iteration":858,"passed_time":0.5042700035,"remaining_time":0.08277307391},
{"learn":[4.721399326],"iteration":859,"passed_time":0.5048022954,"remaining_time":0.08217711786},
{"learn":[4.719860798],"iteration":860,"passed_time":0.5054004532,"remaining_time":0.08159194308},
{"learn":[4.719134514],"iteration":861,"passed_time":0.5059292989,"remaining_time":0.08099564182},
{"learn":[4.717965675],"iteration":862,"passed_time":0.5065266949,"remaining_time":0.08041037915},
{"learn":[4.71679311],"iteration":863,"passed_time":0.507085207,"remaining_time":0.07981896777},
{"learn":[4.716412916],"iteration":864,"passed_time":0.5076390199,"remaining_time":0.07922689906},
{"learn":[4.715497226],"iteration":865,"passed_time":0.5081708613,"remaining_time":0.07863151895},
{"learn":[4.714303974],"iteration":866,"passed_time":0.5087303355,"remaining_time":0.07804052436},
{"learn":[4.713541935],"iteration":867,"passed_time":0.5092920039,"remaining_time":0.07744993608},
{"learn":[4.712996414],"iteration":868,"passed_time":0.5098687307,"remaining_time":0.07686168437},
{"learn":[4.711884767],"iteration":869,"passed_time":0.5104332041,"remaining_time":0.0762716282},
{"learn":[4.711548851],"iteration":870,"passed_time":0.5109746635,"remaining_time":0.07567822226},
{"learn":[4.710663865],"iteration":871,"passed_time":0.5115842928,"remaining_time":0.07509494206},
{"learn":[4.709874998],"iteration":872,"passed_time":0.5121074777,"remaining_time":0.07449902597},
{"learn":[4.709514508],"iteration":873,"passed_time":0.5126637957,"remaining_time":0.07390805292},
{"learn":[4.708110499],"iteration":874,"passed_time":0.5132258445,"remaining_time":0.07331797778},
{"learn":[4.707629943],"iteration":875,"passed_time":0.5137991347,"remaining_time":0.07272955788},
{"learn":[4.706724066],"iteration":876,"passed_time":0.5143415462,"remaining_time":0.07213684171},
{"learn":[4.705601809],"iteration":877,"passed_time":0.5148921132,"remaining_time":0.07154537336},
{"learn":[4.704272962],"iteration":878,"passed_time":0.5154971738,"remaining_time":0.07096149946},
{"learn":[4.703023894],"iteration":879,"passed_time":0.5161212907,"remaining_time":0.070380176},
{"learn":[4.702043493],"iteration":880,"passed_time":0.5166933588,"remaining_time":0.06979172497},
{"learn":[4.70124534],"iteration":881,"passed_time":0.5171986998,"remaining_time":0.06919438388},
{"learn":[4.700324059],"iteration":882,"passed_time":0.5177402597,"remaining_time":0.06860205027},
{"learn":[4.699217681],"iteration":883,"passed_time":0.518386839,"remaining_time":0.06802361235},
{"learn":[4.698781982],"iteration":884,"passed_time":0.5189194017,"remaining_time":0.06743020474},
{"learn":[4.697985999],"iteration":885,"passed_time":0.519542657,"remaining_time":0.06684860372},
{"learn":[4.697409456],"iteration":886,"passed_time":0.5201047559,"remaining_time":0.06625911772},
{"learn":[4.696377959],"iteration":887,"passed_time":0.5206142848,"remaining_time":0.06566306295},
{"learn":[4.695407963],"iteration":888,"passed_time":0.5211497634,"remaining_time":0.0650704429},
{"learn":[4.694425314],"iteration":889,"passed_time":0.5217472594,"remaining_time":0.06448561633},
{"learn":[4.69381473],"iteration":890,"passed_time":0.5223283748,"remaining_time":0.06389875741},
{"learn":[4.692656317],"iteration":891,"passed_time":0.5229001621,"remaining_time":0.06331078196},
{"learn":[4.691330077],"iteration":892,"passed_time":0.5234946824,"remaining_time":0.06272556665},
{"learn":[4.690847999],"iteration":893,"passed_time":0.5240137695,"remaining_time":0.06213138654},
{"learn":[4.690306248],"iteration":894,"passed_time":0.5245448895,"remaining_time":0.06153878592},
{"learn":[4.689835621],"iteration":895,"passed_time":0.5250892648,"remaining_time":0.06094786109},
{"learn":[4.688922727],"iteration":896,"passed_time":0.5256667229,"remaining_time":0.06036083886},
{"learn":[4.687761891],"iteration":897,"passed_time":0.5262381696,"remaining_time":0.05977315512},
{"learn":[4.686273513],"iteration":898,"passed_time":0.526809967,"remaining_time":0.0591855469},
{"learn":[4.685825867],"iteration":899,"passed_time":0.5273918134,"remaining_time":0.05859909038},
{"learn":[4.685072825],"iteration":900,"passed_time":0.5279455665,"remaining_time":0.05800955725},
{"learn":[4.684449081],"iteration":901,"passed_time":0.5285823975,"remaining_time":0.05742912966},
{"learn":[4.683940924],"iteration":902,"passed_time":0.5291254001,"remaining_time":0.05683849813},
{"learn":[4.683481694],"iteration":903,"passed_time":0.5297107833,"remaining_time":0.05625247257},
{"learn":[4.683129801],"iteration":904,"passed_time":0.5302150022,"remaining_time":0.05565792841},
{"learn":[4.683026485],"iteration":905,"passed_time":0.5307419944,"remaining_time":0.05506594643},
{"learn":[4.681897633],"iteration":906,"passed_time":0.5313644681,"remaining_time":0.05448389805},
{"learn":[4.681358668],"iteration":907,"passed_time":0.5319109573,"remaining_time":0.05389406176},
{"learn":[4.680591423],"iteration":908,"passed_time":0.5325081831,"remaining_time":0.05330940006},
{"learn":[4.680564178],"iteration":909,"passed_time":0.5327301953,"remaining_time":0.05268760173},
{"learn":[4.679882167],"iteration":910,"passed_time":0.5332455854,"remaining_time":0.05209534259},
{"learn":[4.679312862],"iteration":911,"passed_time":0.5338463678,"remaining_time":0.05151149163},
{"learn":[4.678485691],"iteration":912,"passed_time":0.5344507872,"remaining_time":0.05092795015},
{"learn":[4.677449347],"iteration":913,"passed_time":0.5349825785,"remaining_time":0.05033752927},
{"learn":[4.676289326],"iteration":914,"passed_time":0.5355075669,"remaining_time":0.04974660457},
{"learn":[4.675361576],"iteration":915,"passed_time":0.5360358515,"remaining_time":0.04915612612},
{"learn":[4.674090539],"iteration":916,"passed_time":0.5366214403,"remaining_time":0.04857097006},
{"learn":[4.673585931],"iteration":917,"passed_time":0.5372417699,"remaining_time":0.04798891627},
{"learn":[4.672135273],"iteration":918,"passed_time":0.5378392161,"remaining_time":0.04740476224},
{"learn":[4.67163556],"iteration":919,"passed_time":0.5384386502,"remaining_time":0.04682075219},
{"learn":[4.670369884],"iteration":920,"passed_time":0.5390330263,"remaining_time":0.04623627478},
{"learn":[4.66931487],"iteration":921,"passed_time":0.5396378364,"remaining_time":0.04565265861},
{"learn":[4.669140111],"iteration":922,"passed_time":0.540263747,"remaining_time":0.04507075679},
{"learn":[4.668700155],"iteration":923,"passed_time":0.5408604414,"remaining_time":0.04448635665},
{"learn":[4.668487875],"iteration":924,"passed_time":0.5414242539,"remaining_time":0.04389926383},
{"learn":[4.668146099],"iteration":925,"passed_time":0.5419596217,"remaining_time":0.04330994817},
{"learn":[4.667749739],"iteration":926,"passed_time":0.5425048786,"remaining_time":0.04272152766},
{"learn":[4.667258025],"iteration":927,"passed_time":0.5430394855,"remaining_time":0.04213237388},
{"learn":[4.666737123],"iteration":928,"passed_time":0.5435791618,"remaining_time":0.04154372496},
{"learn":[4.665791482],"iteration":929,"passed_time":0.544170296,"remaining_time":0.04095905454},
{"learn":[4.665049323],"iteration":930,"passed_time":0.5447692046,"remaining_time":0.04037494642},
{"learn":[4.664229193],"iteration":931,"passed_time":0.5453574633,"remaining_time":0.03979002951},
{"learn":[4.663564708],"iteration":932,"passed_time":0.5459610411,"remaining_time":0.03920620552},
{"learn":[4.662752553],"iteration":933,"passed_time":0.5465657753,"remaining_time":0.03862242095},
{"learn":[4.66196963],"iteration":934,"passed_time":0.547207656,"remaining_time":0.03804117394},
{"learn":[4.661488211],"iteration":935,"passed_time":0.5478001627,"remaining_time":0.03745642138},
{"learn":[4.660520444],"iteration":936,"passed_time":0.5483894676,"remaining_time":0.03687143699},
{"learn":[4.659779473],"iteration":937,"passed_time":0.5489837878,"remaining_time":0.03628677489},
{"learn":[4.659250491],"iteration":938,"passed_time":0.5495641214,"remaining_time":0.03570118361},
{"learn":[4.657830139],"iteration":939,"passed_time":0.5501394555,"remaining_time":0.03511528439},
{"learn":[4.657189297],"iteration":940,"passed_time":0.5506799934,"remaining_time":0.03452722594},
{"learn":[4.656199742],"iteration":941,"passed_time":0.5512565298,"remaining_time":0.03394148485},
{"learn":[4.654894162],"iteration":942,"passed_time":0.5518217847,"remaining_time":0.03335508137},
{"learn":[4.653576648],"iteration":943,"passed_time":0.5524098473,"remaining_time":0.03277007569},
{"learn":[4.653490615],"iteration":944,"passed_time":0.5528205583,"remaining_time":0.03217474149},
{"learn":[4.652546341],"iteration":945,"passed_time":0.5534645733,"remaining_time":0.03159311518},
{"learn":[4.651409146],"iteration":946,"passed_time":0.554053373,"remaining_time":0.03100826692},
{"learn":[4.650774222],"iteration":947,"passed_time":0.5546802251,"remaining_time":0.03042549758},
{"learn":[4.649697694],"iteration":948,"passed_time":0.5552969379,"remaining_time":0.02984209044},
{"learn":[4.64868688],"iteration":949,"passed_time":0.5558412933,"remaining_time":0.02925480491},
{"learn":[4.648468701],"iteration":950,"passed_time":0.5563937737,"remaining_time":0.0286680283},
{"learn":[4.647567631],"iteration":951,"passed_time":0.5570030122,"remaining_time":0.02808418549},
{"learn":[4.646604619],"iteration":952,"passed_time":0.5575547414,"remaining_time":0.02749745315},
{"learn":[4.646242311],"iteration":953,"passed_time":0.5581157386,"remaining_time":0.02691124106},
{"learn":[4.645920409],"iteration":954,"passed_time":0.5587254581,"remaining_time":0.02632737761},
{"learn":[4.64512147],"iteration":955,"passed_time":0.5593181852,"remaining_time":0.02574267798},
{"learn":[4.644717122],"iteration":956,"passed_time":0.5599612378,"remaining_time":0.02516022281},
{"learn":[4.643638991],"iteration":957,"passed_time":0.5607328154,"remaining_time":0.02458327583},
{"learn":[4.642990712],"iteration":958,"passed_time":0.5612604885,"remaining_time":0.02399549534},
{"learn":[4.64185513],"iteration":959,"passed_time":0.5618270463,"remaining_time":0.02340946026},
{"learn":[4.641116808],"iteration":960,"passed_time":0.562405356,"remaining_time":0.02282394265},
{"learn":[4.63966389],"iteration":961,"passed_time":0.5630259161,"remaining_time":0.02224010895},
{"learn":[4.639199489],"iteration":962,"passed_time":0.5635895379,"remaining_time":0.02165401132},
{"learn":[4.639094876],"iteration":963,"passed_time":0.5641250162,"remaining_time":0.02106690932},
{"learn":[4.638679859],"iteration":964,"passed_time":0.5646505052,"remaining_time":0.020479552},
{"learn":[4.637850384],"iteration":965,"passed_time":0.5651864247,"remaining_time":0.0198926899},
{"learn":[4.636539529],"iteration":966,"passed_time":0.5656991093,"remaining_time":0.01930514024},
{"learn":[4.635340467],"iteration":967,"passed_time":0.5662630921,"remaining_time":0.01871944106},
{"learn":[4.634537583],"iteration":968,"passed_time":0.566774174,"remaining_time":0.01813209432},
{"learn":[4.634083936],"iteration":969,"passed_time":0.5673693058,"remaining_time":0.0175475043},
{"learn":[4.633521652],"iteration":970,"passed_time":0.5679103544,"remaining_time":0.01696127732},
{"learn":[4.632872976],"iteration":971,"passed_time":0.5684418554,"remaining_time":0.01637486826},
{"learn":[4.632057514],"iteration":972,"passed_time":0.5689723442,"remaining_time":0.01578854398},
{"learn":[4.630624357],"iteration":973,"passed_time":0.5694746695,"remaining_time":0.01520158255},
{"learn":[4.629612929],"iteration":974,"passed_time":0.5699948787,"remaining_time":0.0146152533},
{"learn":[4.629482951],"iteration":975,"passed_time":0.570603436,"remaining_time":0.01403123203},
{"learn":[4.629325565],"iteration":976,"passed_time":0.5711433725,"remaining_time":0.0134455451},
{"learn":[4.62915692],"iteration":977,"passed_time":0.5716808249,"remaining_time":0.01285989586},
{"learn":[4.628064378],"iteration":978,"passed_time":0.5722883101,"remaining_time":0.01227584731},
{"learn":[4.627636727],"iteration":979,"passed_time":0.5729804065,"remaining_time":0.01169347768},
{"learn":[4.62736604],"iteration":980,"passed_time":0.5736094327,"remaining_time":0.01110966282},
{"learn":[4.626274087],"iteration":981,"passed_time":0.5741760803,"remaining_time":0.01052461247},
{"learn":[4.626199101],"iteration":982,"passed_time":0.5747227796,"remaining_time":0.009939254582},
{"learn":[4.626035586],"iteration":983,"passed_time":0.5752396726,"remaining_time":0.009353490611},
{"learn":[4.625936957],"iteration":984,"passed_time":0.575820267,"remaining_time":0.008768836553},
{"learn":[4.625020819],"iteration":985,"passed_time":0.576392916,"remaining_time":0.008184077915},
{"learn":[4.6239558],"iteration":986,"passed_time":0.5769556859,"remaining_time":0.007599213694},
{"learn":[4.623182868],"iteration":987,"passed_time":0.5775080363,"remaining_time":0.007014267647},
{"learn":[4.622844534],"iteration":988,"passed_time":0.5780990001,"remaining_time":0.006429816988},
{"learn":[4.622440166],"iteration":989,"passed_time":0.5787003436,"remaining_time":0.005845458017},
{"learn":[4.621946561],"iteration":990,"passed_time":0.579310915,"remaining_time":0.005261148573},
{"learn":[4.621337776],"iteration":991,"passed_time":0.5799507415,"remaining_time":0.004677022109},
{"learn":[4.620849277],"iteration":992,"passed_time":0.5805148345,"remaining_time":0.004092249589},
{"learn":[4.619944796],"iteration":993,"passed_time":0.5812426486,"remaining_time":0.003508506933},
{"learn":[4.619008252],"iteration":994,"passed_time":0.5819700819,"remaining_time":0.002924472773},
{"learn":[4.617759889],"iteration":995,"passed_time":0.5825501547,"remaining_time":0.002339558854},
{"learn":[4.617002583],"iteration":996,"passed_time":0.5830691016,"remaining_time":0.001754470717},
{"learn":[4.616301379],"iteration":997,"passed_time":0.583655507,"remaining_time":0.001169650315},
{"learn":[4.616207672],"iteration":998,"passed_time":0.5841472521,"remaining_time":0.0005847319841},
{"learn":[4.6153646],"iteration":999,"passed_time":0.5847874793,"remaining_time":0}
]}